[
{
    "model": "catalog.tag",
    "pk": 1,
    "fields": {
        "is_published": true,
        "name": "Свежее",
        "normalized": "свежее",
        "slug": "fresh"
    }
},
{
    "model": "catalog.tag",
    "pk": 2,
    "fields": {
        "is_published": true,
        "name": "Новинка",
        "normalized": "новинка",
        "slug": "new"
    }
},
{
    "model": "catalog.tag",
    "pk": 3,
    "fields": {
        "is_published": false,
        "name": "Акция",
        "normalized": "акция",
        "slug": "sale"
    }
},
{
    "model": "catalog.tag",
    "pk": 4,
    "fields": {
        "is_published": true,
        "name": "Осталось мало",
        "normalized": "осталосьмало",
        "slug": "few"
    }
},
{
    "model": "catalog.tag",
    "pk": 5,
    "fields": {
        "is_published": true,
        "name": "Выращено в России",
        "normalized": "выращеновроссии",
        "slug": "grown_in_russia"
    }
},
{
    "model": "catalog.category",
    "pk": 1,
    "fields": {
        "is_published": true,
        "name": "Фрукты",
        "normalized": "фрукты",
        "slug": "fruits",
        "weight": 100
    }
},
{
    "model": "catalog.category",
    "pk": 2,
    "fields": {
        "is_published": true,
        "name": "Овощи",
        "normalized": "овощи",
        "slug": "vegies",
        "weight": 100
    }
},
{
    "model": "catalog.item",
    "pk": 8,
    "fields": {
        "is_published": true,
        "name": "Томат",
        "normalized": "томат",
        "image": "gallery/tomato1.jpeg",
        "text": "{\"delta\":\"{\\\"ops\\\":[{\\\"insert\\\":\\\"роскошно томат\\\\n\\\"}]}\",\"html\":\"<p>роскошно томат</p>\"}",
        "is_on_main": true,
        "category": 2,
        "tags": [
            4,
            5
        ]
    }
},
{
    "model": "catalog.item",
    "pk": 9,
    "fields": {
        "is_published": true,
        "name": "Яблоко",
        "normalized": "яблоко",
        "image": "gallery/кот-и-яб-око-429834061_5Lp8nVz.jpg",
        "text": "{\"delta\":\"{\\\"ops\\\":[{\\\"insert\\\":\\\"роскошно яблоко\\\\n\\\"}]}\",\"html\":\"<p>роскошно яблоко</p>\"}",
        "is_on_main": true,
        "category": 1,
        "tags": [
            1,
            2
        ]
    }
},
{
    "model": "catalog.item",
    "pk": 10,
    "fields": {
        "is_published": true,
        "name": "Груша",
        "normalized": "груша",
        "image": "gallery/pearandcat.jpg",
        "text": "{\"delta\":\"{\\\"ops\\\":[{\\\"insert\\\":\\\"превосходно груша\\\\n\\\"}]}\",\"html\":\"<p>превосходно груша</p>\"}",
        "is_on_main": true,
        "category": 1,
        "tags": [
            2,
            3
        ]
    }
},
{
    "model": "catalog.item",
    "pk": 11,
    "fields": {
        "is_published": true,
        "name": "Тыква",
        "normalized": "тыква",
        "image": "gallery/милый-черный-кот-и-тыква-хеллоуина-на-белой-предпосылке-151252785.jpg",
        "text": "{\"delta\":\"{\\\"ops\\\":[{\\\"insert\\\":\\\"превосходно тыква\\\\n\\\"}]}\",\"html\":\"<p>превосходно тыква</p>\"}",
        "is_on_main": true,
        "category": 2,
        "tags": [
            2,
            3,
            4
        ]
    }
},
{
    "model": "catalog.item",
    "pk": 12,
    "fields": {
        "is_published": true,
        "name": "Банан",
        "normalized": "банан",
        "image": "gallery/banana2.jpg",
        "text": "{\"delta\":\"{\\\"ops\\\":[{\\\"attributes\\\":{\\\"underline\\\":true,\\\"italic\\\":true,\\\"font\\\":\\\"monospace\\\",\\\"bold\\\":true},\\\"insert\\\":\\\"роскошно банан a a aa a a a a a a  aa  aa a a a a  a aa a  a a aa  a\\\"},{\\\"attributes\\\":{\\\"align\\\":\\\"center\\\"},\\\"insert\\\":\\\"\\\\n\\\"}]}\",\"html\":\"<p class=\\\"ql-align-center\\\"><strong class=\\\"ql-font-monospace\\\"><em><u>роскошно банан a a aa a a a a a a  aa  aa a a a a  a aa a  a a aa  a</u></em></strong></p>\"}",
        "is_on_main": false,
        "category": 1,
        "tags": [
            2,
            3
        ]
    }
},
{
    "model": "catalog.item",
    "pk": 13,
    "fields": {
        "is_published": true,
        "name": "Морковь",
        "normalized": "морковь",
        "image": "gallery/tomato_noun_001_17860.jpg",
        "text": "{\"delta\":\"{\\\"ops\\\":[{\\\"insert\\\":\\\"роскошно морковь\\\\n\\\"}]}\",\"html\":\"<p>роскошно морковь</p>\"}",
        "is_on_main": true,
        "category": 2,
        "tags": [
            1,
            2
        ]
    }
},
{
    "model": "catalog.titleimage",
    "pk": 12,
    "fields": {
        "item": null
    }
},
{
    "model": "catalog.titleimage",
    "pk": 15,
    "fields": {
        "item": null
    }
},
{
    "model": "catalog.titleimage",
    "pk": 16,
    "fields": {
        "item": null
    }
},
{
    "model": "catalog.titleimage",
    "pk": 20,
    "fields": {
        "item": null
    }
},
{
    "model": "catalog.titleimage",
    "pk": 21,
    "fields": {
        "item": null
    }
},
{
    "model": "catalog.titleimage",
    "pk": 22,
    "fields": {
        "item": null
    }
},
{
    "model": "catalog.gallery",
    "pk": 3,
    "fields": {
        "image": "gallery/pearandcat2.jpg",
        "item": 10
    }
},
{
    "model": "catalog.gallery",
    "pk": 4,
    "fields": {
        "image": "gallery/кот-и-груши-49270640.jpg",
        "item": 10
    }
},
{
    "model": "admin.logentry",
    "pk": 1,
    "fields": {
        "action_time": "2023-02-27T18:52:57.580Z",
        "user": 1,
        "content_type": 12,
        "object_id": "1",
        "object_repr": "TitleImage object (1)",
        "action_flag": 1,
        "change_message": "[{\"added\": {}}]"
    }
},
{
    "model": "admin.logentry",
    "pk": 2,
    "fields": {
        "action_time": "2023-02-27T18:54:12.995Z",
        "user": 1,
        "content_type": 1,
        "object_id": "1",
        "object_repr": "Фрукты",
        "action_flag": 1,
        "change_message": "[{\"added\": {}}]"
    }
},
{
    "model": "admin.logentry",
    "pk": 3,
    "fields": {
        "action_time": "2023-02-27T18:54:31.115Z",
        "user": 1,
        "content_type": 2,
        "object_id": "1",
        "object_repr": "Свежее",
        "action_flag": 1,
        "change_message": "[{\"added\": {}}]"
    }
},
{
    "model": "admin.logentry",
    "pk": 4,
    "fields": {
        "action_time": "2023-02-27T19:06:57.044Z",
        "user": 1,
        "content_type": 12,
        "object_id": "2",
        "object_repr": "TitleImage object (2)",
        "action_flag": 1,
        "change_message": "[{\"added\": {}}]"
    }
},
{
    "model": "admin.logentry",
    "pk": 5,
    "fields": {
        "action_time": "2023-02-27T19:12:48.815Z",
        "user": 1,
        "content_type": 12,
        "object_id": "2",
        "object_repr": "TitleImage object (2)",
        "action_flag": 3,
        "change_message": ""
    }
},
{
    "model": "admin.logentry",
    "pk": 6,
    "fields": {
        "action_time": "2023-02-27T19:13:09.613Z",
        "user": 1,
        "content_type": 12,
        "object_id": "3",
        "object_repr": "TitleImage object (3)",
        "action_flag": 1,
        "change_message": "[{\"added\": {}}]"
    }
},
{
    "model": "admin.logentry",
    "pk": 7,
    "fields": {
        "action_time": "2023-02-27T19:13:32.807Z",
        "user": 1,
        "content_type": 12,
        "object_id": "4",
        "object_repr": "TitleImage object (4)",
        "action_flag": 1,
        "change_message": "[{\"added\": {}}]"
    }
},
{
    "model": "admin.logentry",
    "pk": 8,
    "fields": {
        "action_time": "2023-02-27T19:13:58.039Z",
        "user": 1,
        "content_type": 12,
        "object_id": "5",
        "object_repr": "TitleImage object (5)",
        "action_flag": 1,
        "change_message": "[{\"added\": {}}]"
    }
},
{
    "model": "admin.logentry",
    "pk": 9,
    "fields": {
        "action_time": "2023-02-27T19:14:16.632Z",
        "user": 1,
        "content_type": 12,
        "object_id": "6",
        "object_repr": "TitleImage object (6)",
        "action_flag": 1,
        "change_message": "[{\"added\": {}}]"
    }
},
{
    "model": "admin.logentry",
    "pk": 10,
    "fields": {
        "action_time": "2023-02-27T19:14:33.438Z",
        "user": 1,
        "content_type": 1,
        "object_id": "2",
        "object_repr": "Овощи",
        "action_flag": 1,
        "change_message": "[{\"added\": {}}]"
    }
},
{
    "model": "admin.logentry",
    "pk": 11,
    "fields": {
        "action_time": "2023-02-27T19:14:48.123Z",
        "user": 1,
        "content_type": 2,
        "object_id": "2",
        "object_repr": "Новинка",
        "action_flag": 1,
        "change_message": "[{\"added\": {}}]"
    }
},
{
    "model": "admin.logentry",
    "pk": 12,
    "fields": {
        "action_time": "2023-02-27T19:16:07.799Z",
        "user": 1,
        "content_type": 2,
        "object_id": "3",
        "object_repr": "Акция",
        "action_flag": 1,
        "change_message": "[{\"added\": {}}]"
    }
},
{
    "model": "admin.logentry",
    "pk": 13,
    "fields": {
        "action_time": "2023-02-27T19:16:24.268Z",
        "user": 1,
        "content_type": 2,
        "object_id": "4",
        "object_repr": "Осталось мало",
        "action_flag": 1,
        "change_message": "[{\"added\": {}}]"
    }
},
{
    "model": "admin.logentry",
    "pk": 14,
    "fields": {
        "action_time": "2023-02-27T19:17:41.972Z",
        "user": 1,
        "content_type": 2,
        "object_id": "5",
        "object_repr": "Выращено в России",
        "action_flag": 1,
        "change_message": "[{\"added\": {}}]"
    }
},
{
    "model": "admin.logentry",
    "pk": 15,
    "fields": {
        "action_time": "2023-02-27T19:23:32.957Z",
        "user": 1,
        "content_type": 3,
        "object_id": "1",
        "object_repr": "Банан",
        "action_flag": 1,
        "change_message": "[{\"added\": {}}]"
    }
},
{
    "model": "admin.logentry",
    "pk": 16,
    "fields": {
        "action_time": "2023-02-27T19:27:44.446Z",
        "user": 1,
        "content_type": 3,
        "object_id": "2",
        "object_repr": "Яблоко",
        "action_flag": 1,
        "change_message": "[{\"added\": {}}]"
    }
},
{
    "model": "admin.logentry",
    "pk": 17,
    "fields": {
        "action_time": "2023-02-27T19:28:19.772Z",
        "user": 1,
        "content_type": 3,
        "object_id": "3",
        "object_repr": "Томат",
        "action_flag": 1,
        "change_message": "[{\"added\": {}}]"
    }
},
{
    "model": "admin.logentry",
    "pk": 18,
    "fields": {
        "action_time": "2023-02-27T19:28:50.335Z",
        "user": 1,
        "content_type": 3,
        "object_id": "4",
        "object_repr": "Груша",
        "action_flag": 1,
        "change_message": "[{\"added\": {}}]"
    }
},
{
    "model": "admin.logentry",
    "pk": 19,
    "fields": {
        "action_time": "2023-02-27T19:29:25.522Z",
        "user": 1,
        "content_type": 3,
        "object_id": "5",
        "object_repr": "Тыква",
        "action_flag": 1,
        "change_message": "[{\"added\": {}}]"
    }
},
{
    "model": "admin.logentry",
    "pk": 20,
    "fields": {
        "action_time": "2023-02-27T19:32:16.312Z",
        "user": 1,
        "content_type": 3,
        "object_id": "5",
        "object_repr": "Тыква",
        "action_flag": 2,
        "change_message": "[{\"added\": {\"name\": \"\\u0434\\u043e\\u043f\\u043e\\u043b\\u044c\\u043d\\u0438\\u0442\\u0435\\u043b\\u044c\\u043d\\u043e\\u0435 \\u0444\\u043e\\u0442\\u043e\", \"object\": \"/media/galley/%D0%BC%D0%B8%D0%BB%D1%8B%D0%B9-%D1%87%D0%B5%D1%80%D0%BD%D1%8B%D0%B9-%D0%BA%D0%BE%D1%82-%D0%B8-%D1%82%D1%8B%D0%BA%D0%B2%D0%B0-%D1%85%D0%B5%D0%BB%D0%BB%D0%BE%D1%83%D0%B8%D0%BD%D0%B0-%D0%BD%D0%B0-%D0%B1%D0%B5%D0%BB%D0%BE%D0%B9-%D0%BF%D1%80%D0%B5%D0%B4%D0%BF%D0%BE%D1%81%D1%8B%D0%BB%D0%BA%D0%B5-151252785.jpg\"}}]"
    }
},
{
    "model": "admin.logentry",
    "pk": 21,
    "fields": {
        "action_time": "2023-02-27T19:33:47.106Z",
        "user": 1,
        "content_type": 3,
        "object_id": "5",
        "object_repr": "Тыква",
        "action_flag": 2,
        "change_message": "[{\"changed\": {\"name\": \"\\u0434\\u043e\\u043f\\u043e\\u043b\\u044c\\u043d\\u0438\\u0442\\u0435\\u043b\\u044c\\u043d\\u043e\\u0435 \\u0444\\u043e\\u0442\\u043e\", \"object\": \"/media/gallery/%D0%BC%D0%B8%D0%BB%D1%8B%D0%B9-%D1%87%D0%B5%D1%80%D0%BD%D1%8B%D0%B9-%D0%BA%D0%BE%D1%82-%D0%B8-%D1%82%D1%8B%D0%BA%D0%B2%D0%B0-%D1%85%D0%B5%D0%BB%D0%BB%D0%BE%D1%83%D0%B8%D0%BD%D0%B0-%D0%BD%D0%B0-%D0%B1%D0%B5%D0%BB%D0%BE%D0%B9-%D0%BF%D1%80%D0%B5%D0%B4%D0%BF%D0%BE%D1%81%D1%8B%D0%BB%D0%BA%D0%B5-151252785.jpg\", \"fields\": [\"Image\"]}}]"
    }
},
{
    "model": "admin.logentry",
    "pk": 22,
    "fields": {
        "action_time": "2023-02-27T19:34:56.041Z",
        "user": 1,
        "content_type": 3,
        "object_id": "5",
        "object_repr": "Тыква",
        "action_flag": 2,
        "change_message": "[{\"deleted\": {\"name\": \"\\u0434\\u043e\\u043f\\u043e\\u043b\\u044c\\u043d\\u0438\\u0442\\u0435\\u043b\\u044c\\u043d\\u043e\\u0435 \\u0444\\u043e\\u0442\\u043e\", \"object\": \"/media/gallery/%D0%BC%D0%B8%D0%BB%D1%8B%D0%B9-%D1%87%D0%B5%D1%80%D0%BD%D1%8B%D0%B9-%D0%BA%D0%BE%D1%82-%D0%B8-%D1%82%D1%8B%D0%BA%D0%B2%D0%B0-%D1%85%D0%B5%D0%BB%D0%BB%D0%BE%D1%83%D0%B8%D0%BD%D0%B0-%D0%BD%D0%B0-%D0%B1%D0%B5%D0%BB%D0%BE%D0%B9-%D0%BF%D1%80%D0%B5%D0%B4%D0%BF%D0%BE%D1%81%D1%8B%D0%BB%D0%BA%D0%B5-151252785.jpg\"}}]"
    }
},
{
    "model": "admin.logentry",
    "pk": 23,
    "fields": {
        "action_time": "2023-02-27T19:35:05.813Z",
        "user": 1,
        "content_type": 3,
        "object_id": "5",
        "object_repr": "Тыква",
        "action_flag": 2,
        "change_message": "[{\"added\": {\"name\": \"\\u0434\\u043e\\u043f\\u043e\\u043b\\u044c\\u043d\\u0438\\u0442\\u0435\\u043b\\u044c\\u043d\\u043e\\u0435 \\u0444\\u043e\\u0442\\u043e\", \"object\": \"/media/gallery/%D0%BC%D0%B8%D0%BB%D1%8B%D0%B9-%D1%87%D0%B5%D1%80%D0%BD%D1%8B%D0%B9-%D0%BA%D0%BE%D1%82-%D0%B8-%D1%82%D1%8B%D0%BA%D0%B2%D0%B0-%D1%85%D0%B5%D0%BB%D0%BB%D0%BE%D1%83%D0%B8%D0%BD%D0%B0-%D0%BD%D0%B0-%D0%B1%D0%B5%D0%BB%D0%BE%D0%B9-%D0%BF%D1%80%D0%B5%D0%B4%D0%BF%D0%BE%D1%81%D1%8B%D0%BB%D0%BA%D0%B5-151252785.jpg\"}}]"
    }
},
{
    "model": "admin.logentry",
    "pk": 24,
    "fields": {
        "action_time": "2023-02-27T19:35:18.169Z",
        "user": 1,
        "content_type": 3,
        "object_id": "5",
        "object_repr": "Тыква",
        "action_flag": 2,
        "change_message": "[{\"added\": {\"name\": \"\\u0434\\u043e\\u043f\\u043e\\u043b\\u044c\\u043d\\u0438\\u0442\\u0435\\u043b\\u044c\\u043d\\u043e\\u0435 \\u0444\\u043e\\u0442\\u043e\", \"object\": \"/media/gallery/%D0%BC%D0%B8%D0%BB%D1%8B%D0%B9-%D1%87%D0%B5%D1%80%D0%BD%D1%8B%D0%B9-%D0%BA%D0%BE%D1%82-%D0%B8-%D1%82%D1%8B%D0%BA%D0%B2%D0%B0-%D1%85%D0%B5%D0%BB%D0%BB%D0%BE%D1%83%D0%B8%D0%BD%D0%B0-%D0%BD%D0%B0-%D0%B1%D0%B5%D0%BB%D0%BE%D0%B9-%D0%BF%D1%80%D0%B5%D0%B4%D0%BF%D0%BE%D1%81%D1%8B%D0%BB%D0%BA%D0%B5-151252785_7nLtxhe.jpg\"}}]"
    }
},
{
    "model": "admin.logentry",
    "pk": 25,
    "fields": {
        "action_time": "2023-02-27T19:35:29.767Z",
        "user": 1,
        "content_type": 3,
        "object_id": "5",
        "object_repr": "Тыква",
        "action_flag": 2,
        "change_message": "[{\"deleted\": {\"name\": \"\\u0434\\u043e\\u043f\\u043e\\u043b\\u044c\\u043d\\u0438\\u0442\\u0435\\u043b\\u044c\\u043d\\u043e\\u0435 \\u0444\\u043e\\u0442\\u043e\", \"object\": \"/media/gallery/%D0%BC%D0%B8%D0%BB%D1%8B%D0%B9-%D1%87%D0%B5%D1%80%D0%BD%D1%8B%D0%B9-%D0%BA%D0%BE%D1%82-%D0%B8-%D1%82%D1%8B%D0%BA%D0%B2%D0%B0-%D1%85%D0%B5%D0%BB%D0%BB%D0%BE%D1%83%D0%B8%D0%BD%D0%B0-%D0%BD%D0%B0-%D0%B1%D0%B5%D0%BB%D0%BE%D0%B9-%D0%BF%D1%80%D0%B5%D0%B4%D0%BF%D0%BE%D1%81%D1%8B%D0%BB%D0%BA%D0%B5-151252785.jpg\"}}, {\"deleted\": {\"name\": \"\\u0434\\u043e\\u043f\\u043e\\u043b\\u044c\\u043d\\u0438\\u0442\\u0435\\u043b\\u044c\\u043d\\u043e\\u0435 \\u0444\\u043e\\u0442\\u043e\", \"object\": \"/media/gallery/%D0%BC%D0%B8%D0%BB%D1%8B%D0%B9-%D1%87%D0%B5%D1%80%D0%BD%D1%8B%D0%B9-%D0%BA%D0%BE%D1%82-%D0%B8-%D1%82%D1%8B%D0%BA%D0%B2%D0%B0-%D1%85%D0%B5%D0%BB%D0%BB%D0%BE%D1%83%D0%B8%D0%BD%D0%B0-%D0%BD%D0%B0-%D0%B1%D0%B5%D0%BB%D0%BE%D0%B9-%D0%BF%D1%80%D0%B5%D0%B4%D0%BF%D0%BE%D1%81%D1%8B%D0%BB%D0%BA%D0%B5-151252785_7nLtxhe.jpg\"}}]"
    }
},
{
    "model": "admin.logentry",
    "pk": 26,
    "fields": {
        "action_time": "2023-02-28T06:49:02.181Z",
        "user": 1,
        "content_type": 12,
        "object_id": "6",
        "object_repr": "/home/main/django_academy/media/titles/милый-черный-кот-и-тыква-хеллоуина-на-белой-предпосылке-151252785.jpg",
        "action_flag": 3,
        "change_message": ""
    }
},
{
    "model": "admin.logentry",
    "pk": 27,
    "fields": {
        "action_time": "2023-02-28T06:49:13.744Z",
        "user": 1,
        "content_type": 12,
        "object_id": "7",
        "object_repr": "/home/main/django_academy/media/titles/милый-черный-кот-и-тыква-хеллоуина-на-белой-предпосылке-151252785.jpg",
        "action_flag": 1,
        "change_message": "[{\"added\": {}}]"
    }
},
{
    "model": "admin.logentry",
    "pk": 28,
    "fields": {
        "action_time": "2023-02-28T06:49:47.311Z",
        "user": 1,
        "content_type": 3,
        "object_id": "6",
        "object_repr": "Тыква",
        "action_flag": 1,
        "change_message": "[{\"added\": {}}]"
    }
},
{
    "model": "admin.logentry",
    "pk": 29,
    "fields": {
        "action_time": "2023-02-28T12:26:48.673Z",
        "user": 1,
        "content_type": 12,
        "object_id": "8",
        "object_repr": "/home/main/django_academy/media/gallery/pearandcat.jpg",
        "action_flag": 1,
        "change_message": "[{\"added\": {}}]"
    }
},
{
    "model": "admin.logentry",
    "pk": 30,
    "fields": {
        "action_time": "2023-02-28T12:27:44.623Z",
        "user": 1,
        "content_type": 3,
        "object_id": "4",
        "object_repr": "Груша",
        "action_flag": 2,
        "change_message": "[{\"changed\": {\"fields\": [\"\\u0418\\u043a\\u043e\\u043d\\u043a\\u0430\"]}}]"
    }
},
{
    "model": "admin.logentry",
    "pk": 31,
    "fields": {
        "action_time": "2023-02-28T12:30:55.213Z",
        "user": 1,
        "content_type": 12,
        "object_id": "8",
        "object_repr": "/home/main/django_academy/media/gallery/pearandcat.jpg",
        "action_flag": 3,
        "change_message": ""
    }
},
{
    "model": "admin.logentry",
    "pk": 32,
    "fields": {
        "action_time": "2023-02-28T12:30:55.219Z",
        "user": 1,
        "content_type": 12,
        "object_id": "7",
        "object_repr": "/home/main/django_academy/media/titles/милый-черный-кот-и-тыква-хеллоуина-на-белой-предпосылке-151252785.jpg",
        "action_flag": 3,
        "change_message": ""
    }
},
{
    "model": "admin.logentry",
    "pk": 33,
    "fields": {
        "action_time": "2023-02-28T12:30:55.224Z",
        "user": 1,
        "content_type": 12,
        "object_id": "5",
        "object_repr": "/home/main/django_academy/media/titles/tomato.jpeg",
        "action_flag": 3,
        "change_message": ""
    }
},
{
    "model": "admin.logentry",
    "pk": 34,
    "fields": {
        "action_time": "2023-02-28T12:30:55.229Z",
        "user": 1,
        "content_type": 12,
        "object_id": "4",
        "object_repr": "/home/main/django_academy/media/titles/кот-и-яб-око-42983406.jpg",
        "action_flag": 3,
        "change_message": ""
    }
},
{
    "model": "admin.logentry",
    "pk": 35,
    "fields": {
        "action_time": "2023-02-28T12:30:55.234Z",
        "user": 1,
        "content_type": 12,
        "object_id": "3",
        "object_repr": "/home/main/django_academy/media/titles/pearandcat.jpg",
        "action_flag": 3,
        "change_message": ""
    }
},
{
    "model": "admin.logentry",
    "pk": 36,
    "fields": {
        "action_time": "2023-02-28T12:30:55.239Z",
        "user": 1,
        "content_type": 12,
        "object_id": "1",
        "object_repr": "/home/main/django_academy/media/titles/banana_L7d3UnI.jpg",
        "action_flag": 3,
        "change_message": ""
    }
},
{
    "model": "admin.logentry",
    "pk": 37,
    "fields": {
        "action_time": "2023-02-28T12:34:02.280Z",
        "user": 1,
        "content_type": 12,
        "object_id": "9",
        "object_repr": "/home/main/django_academy/media/gallery/кот-и-яб-око-42983406.jpg",
        "action_flag": 1,
        "change_message": "[{\"added\": {}}]"
    }
},
{
    "model": "admin.logentry",
    "pk": 38,
    "fields": {
        "action_time": "2023-02-28T12:34:39.290Z",
        "user": 1,
        "content_type": 3,
        "object_id": "7",
        "object_repr": "Яблоко",
        "action_flag": 1,
        "change_message": "[{\"added\": {}}]"
    }
},
{
    "model": "admin.logentry",
    "pk": 39,
    "fields": {
        "action_time": "2023-02-28T12:35:42.427Z",
        "user": 1,
        "content_type": 12,
        "object_id": "9",
        "object_repr": "/home/main/django_academy/media/gallery/кот-и-яб-око-42983406.jpg",
        "action_flag": 3,
        "change_message": ""
    }
},
{
    "model": "admin.logentry",
    "pk": 40,
    "fields": {
        "action_time": "2023-02-28T12:37:53.000Z",
        "user": 1,
        "content_type": 12,
        "object_id": "9",
        "object_repr": "/home/main/django_academy/media/gallery/кот-и-яб-око-42983406.jpg",
        "action_flag": 3,
        "change_message": ""
    }
},
{
    "model": "admin.logentry",
    "pk": 41,
    "fields": {
        "action_time": "2023-02-28T12:38:07.757Z",
        "user": 1,
        "content_type": 12,
        "object_id": "10",
        "object_repr": "/home/main/django_academy/media/gallery/banana.jpg",
        "action_flag": 1,
        "change_message": "[{\"added\": {}}]"
    }
},
{
    "model": "admin.logentry",
    "pk": 42,
    "fields": {
        "action_time": "2023-02-28T12:38:21.854Z",
        "user": 1,
        "content_type": 12,
        "object_id": "11",
        "object_repr": "/home/main/django_academy/media/gallery/кот-и-яб-око-42983406.jpg",
        "action_flag": 1,
        "change_message": "[{\"added\": {}}]"
    }
},
{
    "model": "admin.logentry",
    "pk": 43,
    "fields": {
        "action_time": "2023-02-28T12:38:34.410Z",
        "user": 1,
        "content_type": 12,
        "object_id": "12",
        "object_repr": "/home/main/django_academy/media/gallery/pearandcat1.jpg",
        "action_flag": 1,
        "change_message": "[{\"added\": {}}]"
    }
},
{
    "model": "admin.logentry",
    "pk": 44,
    "fields": {
        "action_time": "2023-02-28T12:38:46.399Z",
        "user": 1,
        "content_type": 12,
        "object_id": "13",
        "object_repr": "/home/main/django_academy/media/gallery/png-clipart-pumpkin-and-cat-pumpkins-black-cat.png",
        "action_flag": 1,
        "change_message": "[{\"added\": {}}]"
    }
},
{
    "model": "admin.logentry",
    "pk": 45,
    "fields": {
        "action_time": "2023-02-28T12:39:00.075Z",
        "user": 1,
        "content_type": 12,
        "object_id": "14",
        "object_repr": "/home/main/django_academy/media/gallery/tomato.jpeg",
        "action_flag": 1,
        "change_message": "[{\"added\": {}}]"
    }
},
{
    "model": "admin.logentry",
    "pk": 46,
    "fields": {
        "action_time": "2023-02-28T12:39:31.062Z",
        "user": 1,
        "content_type": 3,
        "object_id": "8",
        "object_repr": "Томат",
        "action_flag": 1,
        "change_message": "[{\"added\": {}}]"
    }
},
{
    "model": "admin.logentry",
    "pk": 47,
    "fields": {
        "action_time": "2023-02-28T12:40:18.160Z",
        "user": 1,
        "content_type": 3,
        "object_id": "9",
        "object_repr": "Яблоко",
        "action_flag": 1,
        "change_message": "[{\"added\": {}}]"
    }
},
{
    "model": "admin.logentry",
    "pk": 48,
    "fields": {
        "action_time": "2023-02-28T12:41:21.277Z",
        "user": 1,
        "content_type": 3,
        "object_id": "10",
        "object_repr": "Груша",
        "action_flag": 1,
        "change_message": "[{\"added\": {}}]"
    }
},
{
    "model": "admin.logentry",
    "pk": 49,
    "fields": {
        "action_time": "2023-02-28T12:42:11.073Z",
        "user": 1,
        "content_type": 3,
        "object_id": "11",
        "object_repr": "Тыква",
        "action_flag": 1,
        "change_message": "[{\"added\": {}}]"
    }
},
{
    "model": "admin.logentry",
    "pk": 50,
    "fields": {
        "action_time": "2023-02-28T12:42:58.129Z",
        "user": 1,
        "content_type": 3,
        "object_id": "12",
        "object_repr": "Банан",
        "action_flag": 1,
        "change_message": "[{\"added\": {}}]"
    }
},
{
    "model": "admin.logentry",
    "pk": 51,
    "fields": {
        "action_time": "2023-02-28T13:19:46.572Z",
        "user": 1,
        "content_type": 3,
        "object_id": "12",
        "object_repr": "Банан",
        "action_flag": 2,
        "change_message": "[]"
    }
},
{
    "model": "admin.logentry",
    "pk": 52,
    "fields": {
        "action_time": "2023-02-28T13:25:23.309Z",
        "user": 1,
        "content_type": 12,
        "object_id": "15",
        "object_repr": "/home/main/django_academy/media/gallery/pearandcat2.jpg",
        "action_flag": 1,
        "change_message": "[{\"added\": {}}]"
    }
},
{
    "model": "admin.logentry",
    "pk": 53,
    "fields": {
        "action_time": "2023-02-28T13:25:34.331Z",
        "user": 1,
        "content_type": 3,
        "object_id": "10",
        "object_repr": "Груша",
        "action_flag": 2,
        "change_message": "[{\"changed\": {\"fields\": [\"\\u0418\\u043a\\u043e\\u043d\\u043a\\u0430\"]}}]"
    }
},
{
    "model": "admin.logentry",
    "pk": 54,
    "fields": {
        "action_time": "2023-02-28T13:27:32.414Z",
        "user": 1,
        "content_type": 3,
        "object_id": "11",
        "object_repr": "Тыква",
        "action_flag": 2,
        "change_message": "[]"
    }
},
{
    "model": "admin.logentry",
    "pk": 55,
    "fields": {
        "action_time": "2023-02-28T13:27:45.251Z",
        "user": 1,
        "content_type": 3,
        "object_id": "12",
        "object_repr": "Банан",
        "action_flag": 2,
        "change_message": "[{\"changed\": {\"fields\": [\"\\u0418\\u043a\\u043e\\u043d\\u043a\\u0430\"]}}]"
    }
},
{
    "model": "admin.logentry",
    "pk": 56,
    "fields": {
        "action_time": "2023-02-28T13:27:56.579Z",
        "user": 1,
        "content_type": 3,
        "object_id": "12",
        "object_repr": "Банан",
        "action_flag": 2,
        "change_message": "[]"
    }
},
{
    "model": "admin.logentry",
    "pk": 57,
    "fields": {
        "action_time": "2023-02-28T17:19:34.189Z",
        "user": 1,
        "content_type": 12,
        "object_id": "13",
        "object_repr": "/home/main/django_academy/media/gallery/png-clipart-pumpkin-and-cat-pumpkins-black-cat.png",
        "action_flag": 3,
        "change_message": ""
    }
},
{
    "model": "admin.logentry",
    "pk": 58,
    "fields": {
        "action_time": "2023-02-28T17:19:45.867Z",
        "user": 1,
        "content_type": 12,
        "object_id": "16",
        "object_repr": "/home/main/django_academy/media/gallery/милый-черный-кот-и-тыква-хеллоуина-на-белой-предпосылке-151252785.jpg",
        "action_flag": 1,
        "change_message": "[{\"added\": {}}]"
    }
},
{
    "model": "admin.logentry",
    "pk": 59,
    "fields": {
        "action_time": "2023-02-28T17:19:56.248Z",
        "user": 1,
        "content_type": 3,
        "object_id": "11",
        "object_repr": "Тыква",
        "action_flag": 2,
        "change_message": "[{\"changed\": {\"fields\": [\"\\u0418\\u043a\\u043e\\u043d\\u043a\\u0430\"]}}]"
    }
},
{
    "model": "admin.logentry",
    "pk": 60,
    "fields": {
        "action_time": "2023-02-28T17:22:01.463Z",
        "user": 1,
        "content_type": 12,
        "object_id": "14",
        "object_repr": "/home/main/django_academy/media/gallery/tomato.jpeg",
        "action_flag": 3,
        "change_message": ""
    }
},
{
    "model": "admin.logentry",
    "pk": 61,
    "fields": {
        "action_time": "2023-02-28T17:22:01.468Z",
        "user": 1,
        "content_type": 12,
        "object_id": "11",
        "object_repr": "/home/main/django_academy/media/gallery/кот-и-яб-око-42983406.jpg",
        "action_flag": 3,
        "change_message": ""
    }
},
{
    "model": "admin.logentry",
    "pk": 62,
    "fields": {
        "action_time": "2023-02-28T17:22:01.473Z",
        "user": 1,
        "content_type": 12,
        "object_id": "10",
        "object_repr": "/home/main/django_academy/media/gallery/banana.jpg",
        "action_flag": 3,
        "change_message": ""
    }
},
{
    "model": "admin.logentry",
    "pk": 63,
    "fields": {
        "action_time": "2023-02-28T17:22:19.970Z",
        "user": 1,
        "content_type": 12,
        "object_id": "17",
        "object_repr": "/home/main/django_academy/media/gallery/кот-и-яб-око-42983406.jpg",
        "action_flag": 1,
        "change_message": "[{\"added\": {}}]"
    }
},
{
    "model": "admin.logentry",
    "pk": 64,
    "fields": {
        "action_time": "2023-02-28T17:22:31.195Z",
        "user": 1,
        "content_type": 12,
        "object_id": "18",
        "object_repr": "/home/main/django_academy/media/gallery/banana.jpg",
        "action_flag": 1,
        "change_message": "[{\"added\": {}}]"
    }
},
{
    "model": "admin.logentry",
    "pk": 65,
    "fields": {
        "action_time": "2023-02-28T17:22:42.162Z",
        "user": 1,
        "content_type": 12,
        "object_id": "19",
        "object_repr": "/home/main/django_academy/media/gallery/tomato.jpeg",
        "action_flag": 1,
        "change_message": "[{\"added\": {}}]"
    }
},
{
    "model": "admin.logentry",
    "pk": 66,
    "fields": {
        "action_time": "2023-02-28T17:22:58.205Z",
        "user": 1,
        "content_type": 3,
        "object_id": "12",
        "object_repr": "Банан",
        "action_flag": 2,
        "change_message": "[{\"changed\": {\"fields\": [\"\\u0418\\u043a\\u043e\\u043d\\u043a\\u0430\"]}}]"
    }
},
{
    "model": "admin.logentry",
    "pk": 67,
    "fields": {
        "action_time": "2023-02-28T17:23:19.765Z",
        "user": 1,
        "content_type": 3,
        "object_id": "9",
        "object_repr": "Яблоко",
        "action_flag": 2,
        "change_message": "[{\"changed\": {\"fields\": [\"\\u0418\\u043a\\u043e\\u043d\\u043a\\u0430\"]}}]"
    }
},
{
    "model": "admin.logentry",
    "pk": 68,
    "fields": {
        "action_time": "2023-02-28T17:23:41.476Z",
        "user": 1,
        "content_type": 3,
        "object_id": "8",
        "object_repr": "Томат",
        "action_flag": 2,
        "change_message": "[{\"changed\": {\"fields\": [\"\\u0418\\u043a\\u043e\\u043d\\u043a\\u0430\"]}}]"
    }
},
{
    "model": "admin.logentry",
    "pk": 69,
    "fields": {
        "action_time": "2023-02-28T17:24:07.877Z",
        "user": 1,
        "content_type": 12,
        "object_id": "19",
        "object_repr": "/home/main/django_academy/media/gallery/tomato.jpeg",
        "action_flag": 3,
        "change_message": ""
    }
},
{
    "model": "admin.logentry",
    "pk": 70,
    "fields": {
        "action_time": "2023-02-28T17:24:07.883Z",
        "user": 1,
        "content_type": 12,
        "object_id": "18",
        "object_repr": "/home/main/django_academy/media/gallery/banana.jpg",
        "action_flag": 3,
        "change_message": ""
    }
},
{
    "model": "admin.logentry",
    "pk": 71,
    "fields": {
        "action_time": "2023-02-28T17:24:07.888Z",
        "user": 1,
        "content_type": 12,
        "object_id": "17",
        "object_repr": "/home/main/django_academy/media/gallery/кот-и-яб-око-42983406.jpg",
        "action_flag": 3,
        "change_message": ""
    }
},
{
    "model": "admin.logentry",
    "pk": 72,
    "fields": {
        "action_time": "2023-02-28T17:46:59.087Z",
        "user": 1,
        "content_type": 12,
        "object_id": "20",
        "object_repr": "/home/main/django_academy/media/gallery/кот-и-яб-око-429834061.jpg",
        "action_flag": 1,
        "change_message": "[{\"added\": {}}]"
    }
},
{
    "model": "admin.logentry",
    "pk": 73,
    "fields": {
        "action_time": "2023-02-28T17:47:18.835Z",
        "user": 1,
        "content_type": 3,
        "object_id": "9",
        "object_repr": "Яблоко",
        "action_flag": 2,
        "change_message": "[{\"changed\": {\"fields\": [\"\\u0418\\u043a\\u043e\\u043d\\u043a\\u0430\"]}}]"
    }
},
{
    "model": "admin.logentry",
    "pk": 74,
    "fields": {
        "action_time": "2023-02-28T17:47:41.960Z",
        "user": 1,
        "content_type": 12,
        "object_id": "21",
        "object_repr": "/home/main/django_academy/media/gallery/banana2.jpg",
        "action_flag": 1,
        "change_message": "[{\"added\": {}}]"
    }
},
{
    "model": "admin.logentry",
    "pk": 75,
    "fields": {
        "action_time": "2023-02-28T17:48:07.164Z",
        "user": 1,
        "content_type": 3,
        "object_id": "12",
        "object_repr": "Банан",
        "action_flag": 2,
        "change_message": "[{\"changed\": {\"fields\": [\"\\u0418\\u043a\\u043e\\u043d\\u043a\\u0430\"]}}]"
    }
},
{
    "model": "admin.logentry",
    "pk": 76,
    "fields": {
        "action_time": "2023-02-28T17:48:58.101Z",
        "user": 1,
        "content_type": 12,
        "object_id": "22",
        "object_repr": "/home/main/django_academy/media/gallery/tomato1.jpeg",
        "action_flag": 1,
        "change_message": "[{\"added\": {}}]"
    }
},
{
    "model": "admin.logentry",
    "pk": 77,
    "fields": {
        "action_time": "2023-02-28T17:49:15.810Z",
        "user": 1,
        "content_type": 3,
        "object_id": "8",
        "object_repr": "Томат",
        "action_flag": 2,
        "change_message": "[{\"changed\": {\"fields\": [\"\\u0418\\u043a\\u043e\\u043d\\u043a\\u0430\"]}}]"
    }
},
{
    "model": "admin.logentry",
    "pk": 78,
    "fields": {
        "action_time": "2023-02-28T18:00:49.393Z",
        "user": 1,
        "content_type": 3,
        "object_id": "12",
        "object_repr": "Банан",
        "action_flag": 2,
        "change_message": "[{\"changed\": {\"fields\": [\"\\u041e\\u043f\\u0438\\u0441\\u0430\\u043d\\u0438\\u0435\"]}}]"
    }
},
{
    "model": "admin.logentry",
    "pk": 79,
    "fields": {
        "action_time": "2023-03-04T19:10:53.281Z",
        "user": 1,
        "content_type": 3,
        "object_id": "12",
        "object_repr": "Банан",
        "action_flag": 2,
        "change_message": "[{\"changed\": {\"fields\": [\"\\u041d\\u0430 \\u0433\\u043b\\u0430\\u0432\\u043d\\u043e\\u0439\"]}}]"
    }
},
{
    "model": "admin.logentry",
    "pk": 80,
    "fields": {
        "action_time": "2023-03-04T19:11:05.470Z",
        "user": 1,
        "content_type": 3,
        "object_id": "10",
        "object_repr": "Груша",
        "action_flag": 2,
        "change_message": "[{\"changed\": {\"fields\": [\"\\u041d\\u0430 \\u0433\\u043b\\u0430\\u0432\\u043d\\u043e\\u0439\"]}}]"
    }
},
{
    "model": "admin.logentry",
    "pk": 81,
    "fields": {
        "action_time": "2023-03-04T19:11:15.302Z",
        "user": 1,
        "content_type": 3,
        "object_id": "8",
        "object_repr": "Томат",
        "action_flag": 2,
        "change_message": "[{\"changed\": {\"fields\": [\"\\u041d\\u0430 \\u0433\\u043b\\u0430\\u0432\\u043d\\u043e\\u0439\"]}}]"
    }
},
{
    "model": "admin.logentry",
    "pk": 82,
    "fields": {
        "action_time": "2023-03-05T09:05:23.595Z",
        "user": 1,
        "content_type": 2,
        "object_id": "3",
        "object_repr": "Акция",
        "action_flag": 2,
        "change_message": "[{\"changed\": {\"fields\": [\"\\u041e\\u043f\\u0443\\u0431\\u043b\\u0438\\u043a\\u043e\\u0432\\u0430\\u043d\\u043e\"]}}]"
    }
},
{
    "model": "admin.logentry",
    "pk": 83,
    "fields": {
        "action_time": "2023-03-05T09:40:06.222Z",
        "user": 1,
        "content_type": 1,
        "object_id": "2",
        "object_repr": "Овощи",
        "action_flag": 2,
        "change_message": "[{\"changed\": {\"fields\": [\"\\u041e\\u043f\\u0443\\u0431\\u043b\\u0438\\u043a\\u043e\\u0432\\u0430\\u043d\\u043e\"]}}]"
    }
},
{
    "model": "admin.logentry",
    "pk": 84,
    "fields": {
        "action_time": "2023-03-05T09:40:20.449Z",
        "user": 1,
        "content_type": 1,
        "object_id": "2",
        "object_repr": "Овощи",
        "action_flag": 2,
        "change_message": "[{\"changed\": {\"fields\": [\"\\u041e\\u043f\\u0443\\u0431\\u043b\\u0438\\u043a\\u043e\\u0432\\u0430\\u043d\\u043e\"]}}]"
    }
},
{
    "model": "admin.logentry",
    "pk": 85,
    "fields": {
        "action_time": "2023-03-05T12:57:07.947Z",
        "user": 1,
        "content_type": 3,
        "object_id": "8",
        "object_repr": "Томат",
        "action_flag": 2,
        "change_message": "[{\"added\": {\"name\": \"\\u0434\\u043e\\u043f\\u043e\\u043b\\u044c\\u043d\\u0438\\u0442\\u0435\\u043b\\u044c\\u043d\\u043e\\u0435 \\u0444\\u043e\\u0442\\u043e\", \"object\": \"/media/gallery/Tomato_je.jpg\"}}, {\"added\": {\"name\": \"\\u0434\\u043e\\u043f\\u043e\\u043b\\u044c\\u043d\\u0438\\u0442\\u0435\\u043b\\u044c\\u043d\\u043e\\u0435 \\u0444\\u043e\\u0442\\u043e\", \"object\": \"/media/gallery/tomato_noun_001_17860.jpg\"}}]"
    }
},
{
    "model": "admin.logentry",
    "pk": 86,
    "fields": {
        "action_time": "2023-03-05T21:27:21.966Z",
        "user": 1,
        "content_type": 3,
        "object_id": "12",
        "object_repr": "Банан",
        "action_flag": 2,
        "change_message": "[{\"changed\": {\"fields\": [\"\\u041e\\u043f\\u0438\\u0441\\u0430\\u043d\\u0438\\u0435\"]}}]"
    }
},
{
    "model": "admin.logentry",
    "pk": 87,
    "fields": {
        "action_time": "2023-03-07T04:55:11.957Z",
        "user": 1,
        "content_type": 1,
        "object_id": "2",
        "object_repr": "Овощи",
        "action_flag": 2,
        "change_message": "[{\"changed\": {\"fields\": [\"\\u041e\\u043f\\u0443\\u0431\\u043b\\u0438\\u043a\\u043e\\u0432\\u0430\\u043d\\u043e\"]}}]"
    }
},
{
    "model": "admin.logentry",
    "pk": 88,
    "fields": {
        "action_time": "2023-03-07T04:55:29.609Z",
        "user": 1,
        "content_type": 1,
        "object_id": "2",
        "object_repr": "Овощи",
        "action_flag": 2,
        "change_message": "[{\"changed\": {\"fields\": [\"\\u041e\\u043f\\u0443\\u0431\\u043b\\u0438\\u043a\\u043e\\u0432\\u0430\\u043d\\u043e\"]}}]"
    }
},
{
    "model": "admin.logentry",
    "pk": 89,
    "fields": {
        "action_time": "2023-03-07T04:55:43.280Z",
        "user": 1,
        "content_type": 3,
        "object_id": "8",
        "object_repr": "Томат",
        "action_flag": 2,
        "change_message": "[{\"changed\": {\"fields\": [\"\\u041e\\u043f\\u0443\\u0431\\u043b\\u0438\\u043a\\u043e\\u0432\\u0430\\u043d\\u043e\"]}}]"
    }
},
{
    "model": "admin.logentry",
    "pk": 90,
    "fields": {
        "action_time": "2023-03-07T04:56:04.773Z",
        "user": 1,
        "content_type": 3,
        "object_id": "8",
        "object_repr": "Томат",
        "action_flag": 2,
        "change_message": "[{\"changed\": {\"fields\": [\"\\u041e\\u043f\\u0443\\u0431\\u043b\\u0438\\u043a\\u043e\\u0432\\u0430\\u043d\\u043e\"]}}]"
    }
},
{
    "model": "admin.logentry",
    "pk": 91,
    "fields": {
        "action_time": "2023-03-07T05:01:19.788Z",
        "user": 1,
        "content_type": 3,
        "object_id": "10",
        "object_repr": "Груша",
        "action_flag": 2,
        "change_message": "[{\"changed\": {\"fields\": [\"\\u041e\\u0441\\u043d\\u043e\\u0432\\u043d\\u043e\\u0435 \\u0438\\u0437\\u043e\\u0431\\u0440\\u0430\\u0436\\u0435\\u043d\\u0438\\u0435\"]}}]"
    }
},
{
    "model": "admin.logentry",
    "pk": 92,
    "fields": {
        "action_time": "2023-03-07T05:01:39.237Z",
        "user": 1,
        "content_type": 3,
        "object_id": "12",
        "object_repr": "Банан",
        "action_flag": 2,
        "change_message": "[{\"changed\": {\"fields\": [\"\\u041e\\u0441\\u043d\\u043e\\u0432\\u043d\\u043e\\u0435 \\u0438\\u0437\\u043e\\u0431\\u0440\\u0430\\u0436\\u0435\\u043d\\u0438\\u0435\"]}}]"
    }
},
{
    "model": "admin.logentry",
    "pk": 93,
    "fields": {
        "action_time": "2023-03-07T05:02:17.580Z",
        "user": 1,
        "content_type": 3,
        "object_id": "8",
        "object_repr": "Томат",
        "action_flag": 2,
        "change_message": "[{\"changed\": {\"fields\": [\"\\u041e\\u0441\\u043d\\u043e\\u0432\\u043d\\u043e\\u0435 \\u0438\\u0437\\u043e\\u0431\\u0440\\u0430\\u0436\\u0435\\u043d\\u0438\\u0435\"]}}]"
    }
},
{
    "model": "admin.logentry",
    "pk": 94,
    "fields": {
        "action_time": "2023-03-07T05:02:32.762Z",
        "user": 1,
        "content_type": 3,
        "object_id": "11",
        "object_repr": "Тыква",
        "action_flag": 2,
        "change_message": "[{\"changed\": {\"fields\": [\"\\u041e\\u0441\\u043d\\u043e\\u0432\\u043d\\u043e\\u0435 \\u0438\\u0437\\u043e\\u0431\\u0440\\u0430\\u0436\\u0435\\u043d\\u0438\\u0435\"]}}]"
    }
},
{
    "model": "admin.logentry",
    "pk": 95,
    "fields": {
        "action_time": "2023-03-07T05:02:44.260Z",
        "user": 1,
        "content_type": 3,
        "object_id": "9",
        "object_repr": "Яблоко",
        "action_flag": 2,
        "change_message": "[{\"changed\": {\"fields\": [\"\\u041e\\u0441\\u043d\\u043e\\u0432\\u043d\\u043e\\u0435 \\u0438\\u0437\\u043e\\u0431\\u0440\\u0430\\u0436\\u0435\\u043d\\u0438\\u0435\"]}}]"
    }
},
{
    "model": "admin.logentry",
    "pk": 96,
    "fields": {
        "action_time": "2023-03-07T05:07:26.234Z",
        "user": 1,
        "content_type": 3,
        "object_id": "12",
        "object_repr": "Банан",
        "action_flag": 2,
        "change_message": "[]"
    }
},
{
    "model": "admin.logentry",
    "pk": 97,
    "fields": {
        "action_time": "2023-03-07T05:07:52.764Z",
        "user": 1,
        "content_type": 3,
        "object_id": "12",
        "object_repr": "Банан",
        "action_flag": 2,
        "change_message": "[{\"changed\": {\"fields\": [\"\\u041e\\u0441\\u043d\\u043e\\u0432\\u043d\\u043e\\u0435 \\u0438\\u0437\\u043e\\u0431\\u0440\\u0430\\u0436\\u0435\\u043d\\u0438\\u0435\"]}}]"
    }
},
{
    "model": "admin.logentry",
    "pk": 98,
    "fields": {
        "action_time": "2023-03-07T05:12:44.152Z",
        "user": 1,
        "content_type": 3,
        "object_id": "12",
        "object_repr": "Банан",
        "action_flag": 2,
        "change_message": "[{\"changed\": {\"fields\": [\"\\u041e\\u0441\\u043d\\u043e\\u0432\\u043d\\u043e\\u0435 \\u0438\\u0437\\u043e\\u0431\\u0440\\u0430\\u0436\\u0435\\u043d\\u0438\\u0435\"]}}]"
    }
},
{
    "model": "admin.logentry",
    "pk": 99,
    "fields": {
        "action_time": "2023-03-07T05:16:59.441Z",
        "user": 1,
        "content_type": 3,
        "object_id": "12",
        "object_repr": "Банан",
        "action_flag": 2,
        "change_message": "[{\"changed\": {\"fields\": [\"\\u0418\\u0437\\u043e\\u0431\\u0440\\u0430\\u0436\\u0435\\u043d\\u0438\\u0435\"]}}]"
    }
},
{
    "model": "admin.logentry",
    "pk": 100,
    "fields": {
        "action_time": "2023-03-07T05:18:22.977Z",
        "user": 1,
        "content_type": 3,
        "object_id": "12",
        "object_repr": "Банан",
        "action_flag": 2,
        "change_message": "[{\"changed\": {\"fields\": [\"\\u0418\\u0437\\u043e\\u0431\\u0440\\u0430\\u0436\\u0435\\u043d\\u0438\\u0435\"]}}]"
    }
},
{
    "model": "admin.logentry",
    "pk": 101,
    "fields": {
        "action_time": "2023-03-07T05:23:38.420Z",
        "user": 1,
        "content_type": 3,
        "object_id": "12",
        "object_repr": "Банан",
        "action_flag": 2,
        "change_message": "[{\"changed\": {\"fields\": [\"\\u0418\\u0437\\u043e\\u0431\\u0440\\u0430\\u0436\\u0435\\u043d\\u0438\\u0435\"]}}]"
    }
},
{
    "model": "admin.logentry",
    "pk": 102,
    "fields": {
        "action_time": "2023-03-07T06:05:32.468Z",
        "user": 1,
        "content_type": 3,
        "object_id": "12",
        "object_repr": "Банан",
        "action_flag": 2,
        "change_message": "[{\"changed\": {\"fields\": [\"\\u0418\\u0437\\u043e\\u0431\\u0440\\u0430\\u0436\\u0435\\u043d\\u0438\\u0435\"]}}]"
    }
},
{
    "model": "admin.logentry",
    "pk": 103,
    "fields": {
        "action_time": "2023-03-07T06:27:47.420Z",
        "user": 1,
        "content_type": 3,
        "object_id": "12",
        "object_repr": "Банан",
        "action_flag": 2,
        "change_message": "[{\"changed\": {\"fields\": [\"\\u0418\\u0437\\u043e\\u0431\\u0440\\u0430\\u0436\\u0435\\u043d\\u0438\\u0435\"]}}]"
    }
},
{
    "model": "admin.logentry",
    "pk": 104,
    "fields": {
        "action_time": "2023-03-07T06:30:59.805Z",
        "user": 1,
        "content_type": 3,
        "object_id": "10",
        "object_repr": "Груша",
        "action_flag": 2,
        "change_message": "[{\"changed\": {\"fields\": [\"\\u0418\\u0437\\u043e\\u0431\\u0440\\u0430\\u0436\\u0435\\u043d\\u0438\\u0435\"]}}]"
    }
},
{
    "model": "admin.logentry",
    "pk": 105,
    "fields": {
        "action_time": "2023-03-07T06:43:19.676Z",
        "user": 1,
        "content_type": 3,
        "object_id": "8",
        "object_repr": "Томат",
        "action_flag": 2,
        "change_message": "[{\"changed\": {\"fields\": [\"\\u0418\\u0437\\u043e\\u0431\\u0440\\u0430\\u0436\\u0435\\u043d\\u0438\\u0435\"]}}]"
    }
},
{
    "model": "admin.logentry",
    "pk": 106,
    "fields": {
        "action_time": "2023-03-07T06:43:39.231Z",
        "user": 1,
        "content_type": 3,
        "object_id": "11",
        "object_repr": "Тыква",
        "action_flag": 2,
        "change_message": "[{\"changed\": {\"fields\": [\"\\u0418\\u0437\\u043e\\u0431\\u0440\\u0430\\u0436\\u0435\\u043d\\u0438\\u0435\"]}}]"
    }
},
{
    "model": "admin.logentry",
    "pk": 107,
    "fields": {
        "action_time": "2023-03-07T06:43:49.483Z",
        "user": 1,
        "content_type": 3,
        "object_id": "9",
        "object_repr": "Яблоко",
        "action_flag": 2,
        "change_message": "[{\"changed\": {\"fields\": [\"\\u0418\\u0437\\u043e\\u0431\\u0440\\u0430\\u0436\\u0435\\u043d\\u0438\\u0435\"]}}]"
    }
},
{
    "model": "admin.logentry",
    "pk": 108,
    "fields": {
        "action_time": "2023-03-07T07:08:45.148Z",
        "user": 1,
        "content_type": 3,
        "object_id": "12",
        "object_repr": "Банан",
        "action_flag": 2,
        "change_message": "[{\"changed\": {\"fields\": [\"\\u0418\\u0437\\u043e\\u0431\\u0440\\u0430\\u0436\\u0435\\u043d\\u0438\\u0435\"]}}]"
    }
},
{
    "model": "admin.logentry",
    "pk": 109,
    "fields": {
        "action_time": "2023-03-07T07:09:12.356Z",
        "user": 1,
        "content_type": 3,
        "object_id": "10",
        "object_repr": "Груша",
        "action_flag": 2,
        "change_message": "[{\"changed\": {\"fields\": [\"\\u0418\\u0437\\u043e\\u0431\\u0440\\u0430\\u0436\\u0435\\u043d\\u0438\\u0435\"]}}]"
    }
},
{
    "model": "admin.logentry",
    "pk": 110,
    "fields": {
        "action_time": "2023-03-07T07:09:29.187Z",
        "user": 1,
        "content_type": 3,
        "object_id": "8",
        "object_repr": "Томат",
        "action_flag": 2,
        "change_message": "[{\"changed\": {\"fields\": [\"\\u0418\\u0437\\u043e\\u0431\\u0440\\u0430\\u0436\\u0435\\u043d\\u0438\\u0435\"]}}]"
    }
},
{
    "model": "admin.logentry",
    "pk": 111,
    "fields": {
        "action_time": "2023-03-07T07:09:45.185Z",
        "user": 1,
        "content_type": 3,
        "object_id": "11",
        "object_repr": "Тыква",
        "action_flag": 2,
        "change_message": "[{\"changed\": {\"fields\": [\"\\u0418\\u0437\\u043e\\u0431\\u0440\\u0430\\u0436\\u0435\\u043d\\u0438\\u0435\"]}}]"
    }
},
{
    "model": "admin.logentry",
    "pk": 112,
    "fields": {
        "action_time": "2023-03-07T07:11:11.865Z",
        "user": 1,
        "content_type": 3,
        "object_id": "9",
        "object_repr": "Яблоко",
        "action_flag": 2,
        "change_message": "[{\"changed\": {\"fields\": [\"\\u0418\\u0437\\u043e\\u0431\\u0440\\u0430\\u0436\\u0435\\u043d\\u0438\\u0435\"]}}]"
    }
},
{
    "model": "admin.logentry",
    "pk": 113,
    "fields": {
        "action_time": "2023-03-07T07:12:44.012Z",
        "user": 1,
        "content_type": 3,
        "object_id": "13",
        "object_repr": "Морковь",
        "action_flag": 1,
        "change_message": "[{\"added\": {}}]"
    }
},
{
    "model": "admin.logentry",
    "pk": 114,
    "fields": {
        "action_time": "2023-03-07T08:06:10.450Z",
        "user": 1,
        "content_type": 3,
        "object_id": "8",
        "object_repr": "Томат",
        "action_flag": 2,
        "change_message": "[{\"deleted\": {\"name\": \"\\u0434\\u043e\\u043f\\u043e\\u043b\\u043d\\u0438\\u0442\\u0435\\u043b\\u044c\\u043d\\u043e\\u0435 \\u0444\\u043e\\u0442\\u043e\", \"object\": \"/media/gallery/Tomato_je.jpg\"}}, {\"deleted\": {\"name\": \"\\u0434\\u043e\\u043f\\u043e\\u043b\\u043d\\u0438\\u0442\\u0435\\u043b\\u044c\\u043d\\u043e\\u0435 \\u0444\\u043e\\u0442\\u043e\", \"object\": \"/media/gallery/tomato_noun_001_17860.jpg\"}}]"
    }
},
{
    "model": "admin.logentry",
    "pk": 115,
    "fields": {
        "action_time": "2023-03-07T08:24:29.030Z",
        "user": 1,
        "content_type": 3,
        "object_id": "10",
        "object_repr": "Груша",
        "action_flag": 2,
        "change_message": "[{\"added\": {\"name\": \"\\u0434\\u043e\\u043f\\u043e\\u043b\\u043d\\u0438\\u0442\\u0435\\u043b\\u044c\\u043d\\u043e\\u0435 \\u0444\\u043e\\u0442\\u043e\", \"object\": \"/media/gallery/pearandcat2.jpg\"}}, {\"added\": {\"name\": \"\\u0434\\u043e\\u043f\\u043e\\u043b\\u043d\\u0438\\u0442\\u0435\\u043b\\u044c\\u043d\\u043e\\u0435 \\u0444\\u043e\\u0442\\u043e\", \"object\": \"/media/gallery/%D0%BA%D0%BE%D1%82-%D0%B8-%D0%B3%D1%80%D1%83%D1%88%D0%B8-49270640.jpg\"}}]"
    }
},
{
    "model": "admin.logentry",
    "pk": 116,
    "fields": {
        "action_time": "2023-03-07T08:40:49.832Z",
        "user": 1,
        "content_type": 3,
        "object_id": "9",
        "object_repr": "Яблоко",
        "action_flag": 2,
        "change_message": "[{\"changed\": {\"fields\": [\"\\u0418\\u0437\\u043e\\u0431\\u0440\\u0430\\u0436\\u0435\\u043d\\u0438\\u0435\"]}}]"
    }
},
{
    "model": "admin.logentry",
    "pk": 117,
    "fields": {
        "action_time": "2023-03-07T08:50:22.390Z",
        "user": 1,
        "content_type": 3,
        "object_id": "13",
        "object_repr": "Морковь",
        "action_flag": 2,
        "change_message": "[{\"changed\": {\"fields\": [\"\\u0418\\u0437\\u043e\\u0431\\u0440\\u0430\\u0436\\u0435\\u043d\\u0438\\u0435\"]}}]"
    }
},
{
    "model": "admin.logentry",
    "pk": 118,
    "fields": {
        "action_time": "2023-03-07T08:54:16.435Z",
        "user": 1,
        "content_type": 3,
        "object_id": "12",
        "object_repr": "Банан",
        "action_flag": 2,
        "change_message": "[{\"changed\": {\"fields\": [\"\\u041e\\u043f\\u0438\\u0441\\u0430\\u043d\\u0438\\u0435\"]}}]"
    }
},
{
    "model": "admin.logentry",
    "pk": 119,
    "fields": {
        "action_time": "2023-03-07T09:03:40.458Z",
        "user": 1,
        "content_type": 3,
        "object_id": "9",
        "object_repr": "Яблоко",
        "action_flag": 2,
        "change_message": "[{\"changed\": {\"fields\": [\"\\u041d\\u0430 \\u0433\\u043b\\u0430\\u0432\\u043d\\u043e\\u0439\"]}}]"
    }
},
{
    "model": "admin.logentry",
    "pk": 120,
    "fields": {
        "action_time": "2023-03-07T09:03:57.123Z",
        "user": 1,
        "content_type": 3,
        "object_id": "11",
        "object_repr": "Тыква",
        "action_flag": 2,
        "change_message": "[{\"changed\": {\"fields\": [\"\\u041d\\u0430 \\u0433\\u043b\\u0430\\u0432\\u043d\\u043e\\u0439\"]}}]"
    }
},
{
    "model": "admin.logentry",
    "pk": 121,
    "fields": {
        "action_time": "2023-03-07T10:43:15.597Z",
        "user": 1,
        "content_type": 3,
        "object_id": "12",
        "object_repr": "Банан",
        "action_flag": 2,
        "change_message": "[{\"changed\": {\"fields\": [\"\\u041d\\u0430 \\u0433\\u043b\\u0430\\u0432\\u043d\\u043e\\u0439\"]}}]"
    }
},
{
    "model": "admin.logentry",
    "pk": 122,
    "fields": {
        "action_time": "2023-03-07T10:48:26.001Z",
        "user": 1,
        "content_type": 1,
        "object_id": "2",
        "object_repr": "Овощи",
        "action_flag": 2,
        "change_message": "[{\"changed\": {\"fields\": [\"\\u041e\\u043f\\u0443\\u0431\\u043b\\u0438\\u043a\\u043e\\u0432\\u0430\\u043d\\u043e\"]}}]"
    }
},
{
    "model": "admin.logentry",
    "pk": 123,
    "fields": {
        "action_time": "2023-03-07T10:48:41.745Z",
        "user": 1,
        "content_type": 1,
        "object_id": "2",
        "object_repr": "Овощи",
        "action_flag": 2,
        "change_message": "[{\"changed\": {\"fields\": [\"\\u041e\\u043f\\u0443\\u0431\\u043b\\u0438\\u043a\\u043e\\u0432\\u0430\\u043d\\u043e\"]}}]"
    }
},
{
    "model": "auth.permission",
    "pk": 1,
    "fields": {
        "name": "Can add категория",
        "content_type": 1,
        "codename": "add_category"
    }
},
{
    "model": "auth.permission",
    "pk": 2,
    "fields": {
        "name": "Can change категория",
        "content_type": 1,
        "codename": "change_category"
    }
},
{
    "model": "auth.permission",
    "pk": 3,
    "fields": {
        "name": "Can delete категория",
        "content_type": 1,
        "codename": "delete_category"
    }
},
{
    "model": "auth.permission",
    "pk": 4,
    "fields": {
        "name": "Can view категория",
        "content_type": 1,
        "codename": "view_category"
    }
},
{
    "model": "auth.permission",
    "pk": 5,
    "fields": {
        "name": "Can add тэг",
        "content_type": 2,
        "codename": "add_tag"
    }
},
{
    "model": "auth.permission",
    "pk": 6,
    "fields": {
        "name": "Can change тэг",
        "content_type": 2,
        "codename": "change_tag"
    }
},
{
    "model": "auth.permission",
    "pk": 7,
    "fields": {
        "name": "Can delete тэг",
        "content_type": 2,
        "codename": "delete_tag"
    }
},
{
    "model": "auth.permission",
    "pk": 8,
    "fields": {
        "name": "Can view тэг",
        "content_type": 2,
        "codename": "view_tag"
    }
},
{
    "model": "auth.permission",
    "pk": 9,
    "fields": {
        "name": "Can add товар",
        "content_type": 3,
        "codename": "add_item"
    }
},
{
    "model": "auth.permission",
    "pk": 10,
    "fields": {
        "name": "Can change товар",
        "content_type": 3,
        "codename": "change_item"
    }
},
{
    "model": "auth.permission",
    "pk": 11,
    "fields": {
        "name": "Can delete товар",
        "content_type": 3,
        "codename": "delete_item"
    }
},
{
    "model": "auth.permission",
    "pk": 12,
    "fields": {
        "name": "Can view товар",
        "content_type": 3,
        "codename": "view_item"
    }
},
{
    "model": "auth.permission",
    "pk": 13,
    "fields": {
        "name": "Can add допольнительное фото",
        "content_type": 4,
        "codename": "add_gallery"
    }
},
{
    "model": "auth.permission",
    "pk": 14,
    "fields": {
        "name": "Can change допольнительное фото",
        "content_type": 4,
        "codename": "change_gallery"
    }
},
{
    "model": "auth.permission",
    "pk": 15,
    "fields": {
        "name": "Can delete допольнительное фото",
        "content_type": 4,
        "codename": "delete_gallery"
    }
},
{
    "model": "auth.permission",
    "pk": 16,
    "fields": {
        "name": "Can view допольнительное фото",
        "content_type": 4,
        "codename": "view_gallery"
    }
},
{
    "model": "auth.permission",
    "pk": 17,
    "fields": {
        "name": "Can add log entry",
        "content_type": 5,
        "codename": "add_logentry"
    }
},
{
    "model": "auth.permission",
    "pk": 18,
    "fields": {
        "name": "Can change log entry",
        "content_type": 5,
        "codename": "change_logentry"
    }
},
{
    "model": "auth.permission",
    "pk": 19,
    "fields": {
        "name": "Can delete log entry",
        "content_type": 5,
        "codename": "delete_logentry"
    }
},
{
    "model": "auth.permission",
    "pk": 20,
    "fields": {
        "name": "Can view log entry",
        "content_type": 5,
        "codename": "view_logentry"
    }
},
{
    "model": "auth.permission",
    "pk": 21,
    "fields": {
        "name": "Can add permission",
        "content_type": 6,
        "codename": "add_permission"
    }
},
{
    "model": "auth.permission",
    "pk": 22,
    "fields": {
        "name": "Can change permission",
        "content_type": 6,
        "codename": "change_permission"
    }
},
{
    "model": "auth.permission",
    "pk": 23,
    "fields": {
        "name": "Can delete permission",
        "content_type": 6,
        "codename": "delete_permission"
    }
},
{
    "model": "auth.permission",
    "pk": 24,
    "fields": {
        "name": "Can view permission",
        "content_type": 6,
        "codename": "view_permission"
    }
},
{
    "model": "auth.permission",
    "pk": 25,
    "fields": {
        "name": "Can add group",
        "content_type": 7,
        "codename": "add_group"
    }
},
{
    "model": "auth.permission",
    "pk": 26,
    "fields": {
        "name": "Can change group",
        "content_type": 7,
        "codename": "change_group"
    }
},
{
    "model": "auth.permission",
    "pk": 27,
    "fields": {
        "name": "Can delete group",
        "content_type": 7,
        "codename": "delete_group"
    }
},
{
    "model": "auth.permission",
    "pk": 28,
    "fields": {
        "name": "Can view group",
        "content_type": 7,
        "codename": "view_group"
    }
},
{
    "model": "auth.permission",
    "pk": 29,
    "fields": {
        "name": "Can add user",
        "content_type": 8,
        "codename": "add_user"
    }
},
{
    "model": "auth.permission",
    "pk": 30,
    "fields": {
        "name": "Can change user",
        "content_type": 8,
        "codename": "change_user"
    }
},
{
    "model": "auth.permission",
    "pk": 31,
    "fields": {
        "name": "Can delete user",
        "content_type": 8,
        "codename": "delete_user"
    }
},
{
    "model": "auth.permission",
    "pk": 32,
    "fields": {
        "name": "Can view user",
        "content_type": 8,
        "codename": "view_user"
    }
},
{
    "model": "auth.permission",
    "pk": 33,
    "fields": {
        "name": "Can add content type",
        "content_type": 9,
        "codename": "add_contenttype"
    }
},
{
    "model": "auth.permission",
    "pk": 34,
    "fields": {
        "name": "Can change content type",
        "content_type": 9,
        "codename": "change_contenttype"
    }
},
{
    "model": "auth.permission",
    "pk": 35,
    "fields": {
        "name": "Can delete content type",
        "content_type": 9,
        "codename": "delete_contenttype"
    }
},
{
    "model": "auth.permission",
    "pk": 36,
    "fields": {
        "name": "Can view content type",
        "content_type": 9,
        "codename": "view_contenttype"
    }
},
{
    "model": "auth.permission",
    "pk": 37,
    "fields": {
        "name": "Can add session",
        "content_type": 10,
        "codename": "add_session"
    }
},
{
    "model": "auth.permission",
    "pk": 38,
    "fields": {
        "name": "Can change session",
        "content_type": 10,
        "codename": "change_session"
    }
},
{
    "model": "auth.permission",
    "pk": 39,
    "fields": {
        "name": "Can delete session",
        "content_type": 10,
        "codename": "delete_session"
    }
},
{
    "model": "auth.permission",
    "pk": 40,
    "fields": {
        "name": "Can view session",
        "content_type": 10,
        "codename": "view_session"
    }
},
{
    "model": "auth.permission",
    "pk": 41,
    "fields": {
        "name": "Can add kv store",
        "content_type": 11,
        "codename": "add_kvstore"
    }
},
{
    "model": "auth.permission",
    "pk": 42,
    "fields": {
        "name": "Can change kv store",
        "content_type": 11,
        "codename": "change_kvstore"
    }
},
{
    "model": "auth.permission",
    "pk": 43,
    "fields": {
        "name": "Can delete kv store",
        "content_type": 11,
        "codename": "delete_kvstore"
    }
},
{
    "model": "auth.permission",
    "pk": 44,
    "fields": {
        "name": "Can view kv store",
        "content_type": 11,
        "codename": "view_kvstore"
    }
},
{
    "model": "auth.permission",
    "pk": 45,
    "fields": {
        "name": "Can add иконка",
        "content_type": 12,
        "codename": "add_titleimage"
    }
},
{
    "model": "auth.permission",
    "pk": 46,
    "fields": {
        "name": "Can change иконка",
        "content_type": 12,
        "codename": "change_titleimage"
    }
},
{
    "model": "auth.permission",
    "pk": 47,
    "fields": {
        "name": "Can delete иконка",
        "content_type": 12,
        "codename": "delete_titleimage"
    }
},
{
    "model": "auth.permission",
    "pk": 48,
    "fields": {
        "name": "Can view иконка",
        "content_type": 12,
        "codename": "view_titleimage"
    }
},
{
    "model": "auth.user",
    "pk": 1,
    "fields": {
        "password": "pbkdf2_sha256$260000$ft0LFBAuTlRZnUB0r4du9G$WmzlRjEsV222wHdAY7o2b/hSQzE4C22efbe6fHXoQuE=",
        "last_login": "2023-02-27T18:47:21.053Z",
        "is_superuser": true,
        "username": "fedyaeremin",
        "first_name": "",
        "last_name": "",
        "email": "",
        "is_staff": true,
        "is_active": true,
        "date_joined": "2023-02-27T18:47:13.852Z",
        "groups": [],
        "user_permissions": []
    }
},
{
    "model": "contenttypes.contenttype",
    "pk": 1,
    "fields": {
        "app_label": "catalog",
        "model": "category"
    }
},
{
    "model": "contenttypes.contenttype",
    "pk": 2,
    "fields": {
        "app_label": "catalog",
        "model": "tag"
    }
},
{
    "model": "contenttypes.contenttype",
    "pk": 3,
    "fields": {
        "app_label": "catalog",
        "model": "item"
    }
},
{
    "model": "contenttypes.contenttype",
    "pk": 4,
    "fields": {
        "app_label": "catalog",
        "model": "gallery"
    }
},
{
    "model": "contenttypes.contenttype",
    "pk": 5,
    "fields": {
        "app_label": "admin",
        "model": "logentry"
    }
},
{
    "model": "contenttypes.contenttype",
    "pk": 6,
    "fields": {
        "app_label": "auth",
        "model": "permission"
    }
},
{
    "model": "contenttypes.contenttype",
    "pk": 7,
    "fields": {
        "app_label": "auth",
        "model": "group"
    }
},
{
    "model": "contenttypes.contenttype",
    "pk": 8,
    "fields": {
        "app_label": "auth",
        "model": "user"
    }
},
{
    "model": "contenttypes.contenttype",
    "pk": 9,
    "fields": {
        "app_label": "contenttypes",
        "model": "contenttype"
    }
},
{
    "model": "contenttypes.contenttype",
    "pk": 10,
    "fields": {
        "app_label": "sessions",
        "model": "session"
    }
},
{
    "model": "contenttypes.contenttype",
    "pk": 11,
    "fields": {
        "app_label": "thumbnail",
        "model": "kvstore"
    }
},
{
    "model": "contenttypes.contenttype",
    "pk": 12,
    "fields": {
        "app_label": "catalog",
        "model": "titleimage"
    }
},
{
    "model": "sessions.session",
    "pk": "vgfi1xfdzizyfx748p3slbtprjm1n3x4",
    "fields": {
        "session_data": ".eJxVjMsOwiAQRf-FtSE8BlpcuvcbyDADUjU0Ke3K-O_apAvd3nPOfYmI21rj1vMSJxZnocXpd0tIj9x2wHdst1nS3NZlSnJX5EG7vM6cn5fD_Tuo2Ou3zsTsSgjWjo6BgJxKKVhtylBGjapkTc4oMoGxBMTBavIeIQFDdh7E-wP8ejhf:1pWiWv:dzpaq2yY7xHpYniADNN5VsKPC2JzbhF4SKecfHHtsFA",
        "expire_date": "2023-03-13T18:47:21.107Z"
    }
},
{
    "model": "thumbnail.kvstore",
    "pk": "sorl-thumbnail||image||00182ba5ebf7716f1402cc5e35954533",
    "fields": {
        "value": "{\"name\": \"gallery/banana2_EgsYxem.jpg\", \"storage\": \"django.core.files.storage.FileSystemStorage\", \"size\": [225, 225]}"
    }
},
{
    "model": "thumbnail.kvstore",
    "pk": "sorl-thumbnail||image||006a66f68a90c6b6a458226c07f6eac6",
    "fields": {
        "value": "{\"name\": \"titles/tomato.jpeg\", \"storage\": \"django.core.files.storage.FileSystemStorage\", \"size\": [300, 300]}"
    }
},
{
    "model": "thumbnail.kvstore",
    "pk": "sorl-thumbnail||image||0ac3cb884820ea4b6f5a250c9df767d6",
    "fields": {
        "value": "{\"name\": \"cache/28/29/282954473068e6bad6fc5617ee09e2a3.jpg\", \"storage\": \"django.core.files.storage.FileSystemStorage\", \"size\": [300, 300]}"
    }
},
{
    "model": "thumbnail.kvstore",
    "pk": "sorl-thumbnail||image||0d4af91cffb3c8b1e2080ac1b6161906",
    "fields": {
        "value": "{\"name\": \"cache/d8/2d/d82d4417a9edd1d9904777b7f4a12a69.jpg\", \"storage\": \"django.core.files.storage.FileSystemStorage\", \"size\": [300, 300]}"
    }
},
{
    "model": "thumbnail.kvstore",
    "pk": "sorl-thumbnail||image||0e04b2a57079f28c0887aafe966e9168",
    "fields": {
        "value": "{\"name\": \"titles/\\u043a\\u043e\\u0442-\\u0438-\\u044f\\u0431-\\u043e\\u043a\\u043e-42983406.jpg\", \"storage\": \"django.core.files.storage.FileSystemStorage\", \"size\": [300, 300]}"
    }
},
{
    "model": "thumbnail.kvstore",
    "pk": "sorl-thumbnail||image||115be1d677d21b56f86e41eb5790126a",
    "fields": {
        "value": "{\"name\": \"cache/6f/a9/6fa9fb67e994f2e718c04677b6efe632.jpg\", \"storage\": \"django.core.files.storage.FileSystemStorage\", \"size\": [50, 50]}"
    }
},
{
    "model": "thumbnail.kvstore",
    "pk": "sorl-thumbnail||image||1195f5f33843ff65e8784fb3128d4556",
    "fields": {
        "value": "{\"name\": \"cache/b1/22/b1223139eb3120b1030a5d7300de8647.jpg\", \"storage\": \"django.core.files.storage.FileSystemStorage\", \"size\": [50, 50]}"
    }
},
{
    "model": "thumbnail.kvstore",
    "pk": "sorl-thumbnail||image||192d7ccfb9fad5a1a7f8c46ddaff686e",
    "fields": {
        "value": "{\"name\": \"gallery/banana2_LWSRhRe.jpg\", \"storage\": \"django.core.files.storage.FileSystemStorage\", \"size\": [225, 225]}"
    }
},
{
    "model": "thumbnail.kvstore",
    "pk": "sorl-thumbnail||image||1a33db0b3c186393c2e7a39712dd53ac",
    "fields": {
        "value": "{\"name\": \"gallery/\\u043c\\u0438\\u043b\\u044b\\u0439-\\u0447\\u0435\\u0440\\u043d\\u044b\\u0439-\\u043a\\u043e\\u0442-\\u0438-\\u0442\\u044b\\u043a\\u0432\\u0430-\\u0445\\u0435\\u043b\\u043b\\u043e\\u0443\\u0438\\u043d\\u0430-\\u043d\\u0430-\\u0431\\u0435\\u043b\\u043e\\u0439-\\u043f\\u0440\\u0435\\u0434\\u043f\\u043e\\u0441\\u044b\\u043b\\u043a\\u0435-151252785_NOrBuef.jpg\", \"storage\": \"django.core.files.storage.FileSystemStorage\", \"size\": [800, 585]}"
    }
},
{
    "model": "thumbnail.kvstore",
    "pk": "sorl-thumbnail||image||1be9d76c66c90f8e1beebb189b316681",
    "fields": {
        "value": "{\"name\": \"cache/0e/db/0edb16979eb6e74eea1ee15fd7b9d477.jpg\", \"storage\": \"django.core.files.storage.FileSystemStorage\", \"size\": [300, 300]}"
    }
},
{
    "model": "thumbnail.kvstore",
    "pk": "sorl-thumbnail||image||1ee706f43fa4f27d7622af4657b3f16b",
    "fields": {
        "value": "{\"name\": \"gallery/banana2_2oKtcQq.jpg\", \"storage\": \"django.core.files.storage.FileSystemStorage\", \"size\": [225, 225]}"
    }
},
{
    "model": "thumbnail.kvstore",
    "pk": "sorl-thumbnail||image||219ae3d7f88f8e0171e53391ddd00f84",
    "fields": {
        "value": "{\"name\": \"gallery/pearandcat2.jpg\", \"storage\": \"django.core.files.storage.FileSystemStorage\", \"size\": [800, 533]}"
    }
},
{
    "model": "thumbnail.kvstore",
    "pk": "sorl-thumbnail||image||231d52a386897a42282dab4a13b83244",
    "fields": {
        "value": "{\"name\": \"cache/90/4b/904b8aef61d3e22d50397974c231ace6.jpg\", \"storage\": \"django.core.files.storage.FileSystemStorage\", \"size\": [50, 50]}"
    }
},
{
    "model": "thumbnail.kvstore",
    "pk": "sorl-thumbnail||image||25ab7b6d9fa39b004b8bce073da2fa5d",
    "fields": {
        "value": "{\"name\": \"cache/cd/0b/cd0b4d111b2e7c228cdc8e8ecc86280f.jpg\", \"storage\": \"django.core.files.storage.FileSystemStorage\", \"size\": [50, 50]}"
    }
},
{
    "model": "thumbnail.kvstore",
    "pk": "sorl-thumbnail||image||301bf55350909039f49d09791da99f65",
    "fields": {
        "value": "{\"name\": \"gallery/tomato1.jpeg\", \"storage\": \"django.core.files.storage.FileSystemStorage\", \"size\": [750, 548]}"
    }
},
{
    "model": "thumbnail.kvstore",
    "pk": "sorl-thumbnail||image||30be4ca24278c73267ad20f93af00b2c",
    "fields": {
        "value": "{\"name\": \"cache/1f/1c/1f1c9d770def6e3d20407d5c6b52d618.jpg\", \"storage\": \"django.core.files.storage.FileSystemStorage\", \"size\": [300, 300]}"
    }
},
{
    "model": "thumbnail.kvstore",
    "pk": "sorl-thumbnail||image||326fd27f0a58e1735c0b7be79aed85ea",
    "fields": {
        "value": "{\"name\": \"gallery/Tomato_je.jpg\", \"storage\": \"django.core.files.storage.FileSystemStorage\", \"size\": [1800, 1497]}"
    }
},
{
    "model": "thumbnail.kvstore",
    "pk": "sorl-thumbnail||image||32db89531b57414d897335530ec51f3e",
    "fields": {
        "value": "{\"name\": \"titles/\\u043c\\u0438\\u043b\\u044b\\u0439-\\u0447\\u0435\\u0440\\u043d\\u044b\\u0439-\\u043a\\u043e\\u0442-\\u0438-\\u0442\\u044b\\u043a\\u0432\\u0430-\\u0445\\u0435\\u043b\\u043b\\u043e\\u0443\\u0438\\u043d\\u0430-\\u043d\\u0430-\\u0431\\u0435\\u043b\\u043e\\u0439-\\u043f\\u0440\\u0435\\u0434\\u043f\\u043e\\u0441\\u044b\\u043b\\u043a\\u0435-151252785.jpg\", \"storage\": \"django.core.files.storage.FileSystemStorage\", \"size\": [300, 300]}"
    }
},
{
    "model": "thumbnail.kvstore",
    "pk": "sorl-thumbnail||image||3f8d2c9153dc8220ca0dd0dc06964636",
    "fields": {
        "value": "{\"name\": \"gallery/pearandcat2_cxrrStO.jpg\", \"storage\": \"django.core.files.storage.FileSystemStorage\", \"size\": [800, 533]}"
    }
},
{
    "model": "thumbnail.kvstore",
    "pk": "sorl-thumbnail||image||4621a73fa52646bb63dc5bbaf0c2398b",
    "fields": {
        "value": "{\"name\": \"gallery/pearandcat1.jpg\", \"storage\": \"django.core.files.storage.FileSystemStorage\", \"size\": [229, 220]}"
    }
},
{
    "model": "thumbnail.kvstore",
    "pk": "sorl-thumbnail||image||474d4304bb1d39f3a4ddc83c142a9c43",
    "fields": {
        "value": "{\"name\": \"gallery/png-clipart-pumpkin-and-cat-pumpkins-black-cat.png\", \"storage\": \"django.core.files.storage.FileSystemStorage\", \"size\": [900, 900]}"
    }
},
{
    "model": "thumbnail.kvstore",
    "pk": "sorl-thumbnail||image||474dcc1c2d94ea3e18031ae60bcf6057",
    "fields": {
        "value": "{\"name\": \"cache/74/bc/74bc544c9942570d29813d79e1a99c97.jpg\", \"storage\": \"django.core.files.storage.FileSystemStorage\", \"size\": [300, 300]}"
    }
},
{
    "model": "thumbnail.kvstore",
    "pk": "sorl-thumbnail||image||4aea40933528ccbf899075f0e0501b32",
    "fields": {
        "value": "{\"name\": \"cache/dc/91/dc91b8afc755772585f82a1909bf6d6d.jpg\", \"storage\": \"django.core.files.storage.FileSystemStorage\", \"size\": [50, 50]}"
    }
},
{
    "model": "thumbnail.kvstore",
    "pk": "sorl-thumbnail||image||58665360ef93c4389ca01f013134a150",
    "fields": {
        "value": "{\"name\": \"gallery/\\u043c\\u0438\\u043b\\u044b\\u0439-\\u0447\\u0435\\u0440\\u043d\\u044b\\u0439-\\u043a\\u043e\\u0442-\\u0438-\\u0442\\u044b\\u043a\\u0432\\u0430-\\u0445\\u0435\\u043b\\u043b\\u043e\\u0443\\u0438\\u043d\\u0430-\\u043d\\u0430-\\u0431\\u0435\\u043b\\u043e\\u0439-\\u043f\\u0440\\u0435\\u0434\\u043f\\u043e\\u0441\\u044b\\u043b\\u043a\\u0435-151252785_eIWwMhn.jpg\", \"storage\": \"django.core.files.storage.FileSystemStorage\", \"size\": [800, 585]}"
    }
},
{
    "model": "thumbnail.kvstore",
    "pk": "sorl-thumbnail||image||5d8233acb717d6bddb058fd55e64d664",
    "fields": {
        "value": "{\"name\": \"cache/a8/b6/a8b6fda0a9f298a9076827501c47a6c4.jpg\", \"storage\": \"django.core.files.storage.FileSystemStorage\", \"size\": [50, 50]}"
    }
},
{
    "model": "thumbnail.kvstore",
    "pk": "sorl-thumbnail||image||5e126de8dab63ac4595c9f28d17ad290",
    "fields": {
        "value": "{\"name\": \"cache/b4/35/b435f61ad6de6bff87aa69be916f4161.jpg\", \"storage\": \"django.core.files.storage.FileSystemStorage\", \"size\": [50, 50]}"
    }
},
{
    "model": "thumbnail.kvstore",
    "pk": "sorl-thumbnail||image||6013c7aa578190772e7a022e844c28e9",
    "fields": {
        "value": "{\"name\": \"cache/88/d9/88d977cca63289b5679703c1f9afa91d.jpg\", \"storage\": \"django.core.files.storage.FileSystemStorage\", \"size\": [50, 50]}"
    }
},
{
    "model": "thumbnail.kvstore",
    "pk": "sorl-thumbnail||image||631b00f49858ea1fc3e54fe14ab78f0a",
    "fields": {
        "value": "{\"name\": \"gallery/\\u043a\\u043e\\u0442-\\u0438-\\u044f\\u0431-\\u043e\\u043a\\u043e-429834061_zD9rrtC.jpg\", \"storage\": \"django.core.files.storage.FileSystemStorage\", \"size\": [700, 900]}"
    }
},
{
    "model": "thumbnail.kvstore",
    "pk": "sorl-thumbnail||image||6a507f3889ac14964bc048e83ea4417e",
    "fields": {
        "value": "{\"name\": \"gallery/pearandcat.jpg\", \"storage\": \"django.core.files.storage.FileSystemStorage\", \"size\": [192, 114]}"
    }
},
{
    "model": "thumbnail.kvstore",
    "pk": "sorl-thumbnail||image||6be12c555355d957655fd32170aae116",
    "fields": {
        "value": "{\"name\": \"cache/2e/83/2e83c7e887d86706bdd918184ccf08e1.jpg\", \"storage\": \"django.core.files.storage.FileSystemStorage\", \"size\": [300, 300]}"
    }
},
{
    "model": "thumbnail.kvstore",
    "pk": "sorl-thumbnail||image||6d8082c1b0d615582439a19d6c737436",
    "fields": {
        "value": "{\"name\": \"gallery/tomato.jpeg\", \"storage\": \"django.core.files.storage.FileSystemStorage\", \"size\": [750, 548]}"
    }
},
{
    "model": "thumbnail.kvstore",
    "pk": "sorl-thumbnail||image||6e197b5ea63fb61a0787848bc8c6a403",
    "fields": {
        "value": "{\"name\": \"cache/5e/e2/5ee2bc76d5b49dbe6969be8264c9dd21.jpg\", \"storage\": \"django.core.files.storage.FileSystemStorage\", \"size\": [300, 300]}"
    }
},
{
    "model": "thumbnail.kvstore",
    "pk": "sorl-thumbnail||image||6e9a05b2801c34f8cf1b9c2988992706",
    "fields": {
        "value": "{\"name\": \"cache/d5/ca/d5caa32a650e86ab08936bdeae2ae55c.jpg\", \"storage\": \"django.core.files.storage.FileSystemStorage\", \"size\": [300, 300]}"
    }
},
{
    "model": "thumbnail.kvstore",
    "pk": "sorl-thumbnail||image||73960ec7c16661df5a8f8f97317788a8",
    "fields": {
        "value": "{\"name\": \"cache/c0/b7/c0b7bf138f4040997935a404cb75a96a.jpg\", \"storage\": \"django.core.files.storage.FileSystemStorage\", \"size\": [50, 50]}"
    }
},
{
    "model": "thumbnail.kvstore",
    "pk": "sorl-thumbnail||image||74223b06912c9d66280689d57a4b89a6",
    "fields": {
        "value": "{\"name\": \"cache/7d/8a/7d8ae258deacb8769ab5fad96fd84d16.jpg\", \"storage\": \"django.core.files.storage.FileSystemStorage\", \"size\": [50, 50]}"
    }
},
{
    "model": "thumbnail.kvstore",
    "pk": "sorl-thumbnail||image||7b450fe6453534d59c78052d0f26e800",
    "fields": {
        "value": "{\"name\": \"cache/54/69/5469ca72fd8132915a37a4c565034cb8.jpg\", \"storage\": \"django.core.files.storage.FileSystemStorage\", \"size\": [300, 300]}"
    }
},
{
    "model": "thumbnail.kvstore",
    "pk": "sorl-thumbnail||image||7ea045cff5f842a37bbd783cc3dde2bb",
    "fields": {
        "value": "{\"name\": \"cache/4b/3f/4b3f18562be2f2b71a2190b9f8c25315.jpg\", \"storage\": \"django.core.files.storage.FileSystemStorage\", \"size\": [50, 50]}"
    }
},
{
    "model": "thumbnail.kvstore",
    "pk": "sorl-thumbnail||image||7ebbe1407c1846117bb5df18dafbe32b",
    "fields": {
        "value": "{\"name\": \"cache/6f/9c/6f9c1c530df283c06447ae00d12f2103.jpg\", \"storage\": \"django.core.files.storage.FileSystemStorage\", \"size\": [300, 300]}"
    }
},
{
    "model": "thumbnail.kvstore",
    "pk": "sorl-thumbnail||image||82d3b71fae8f98b74c7b1fa9b83177f6",
    "fields": {
        "value": "{\"name\": \"cache/d7/8b/d78b593221d1e86d63eedac054eb61c1.jpg\", \"storage\": \"django.core.files.storage.FileSystemStorage\", \"size\": [300, 300]}"
    }
},
{
    "model": "thumbnail.kvstore",
    "pk": "sorl-thumbnail||image||85724d40fb9e604ccd5275a8aebb70ff",
    "fields": {
        "value": "{\"name\": \"gallery/banana2_v5tpuJG.jpg\", \"storage\": \"django.core.files.storage.FileSystemStorage\", \"size\": [225, 225]}"
    }
},
{
    "model": "thumbnail.kvstore",
    "pk": "sorl-thumbnail||image||8c8607c7c0c45fe36a5a4a5241a7addc",
    "fields": {
        "value": "{\"name\": \"gallery/image.png\", \"storage\": \"django.core.files.storage.FileSystemStorage\", \"size\": [3840, 2160]}"
    }
},
{
    "model": "thumbnail.kvstore",
    "pk": "sorl-thumbnail||image||8fa3f236379181e781b96f282fb6b590",
    "fields": {
        "value": "{\"name\": \"gallery/\\u043c\\u0438\\u043b\\u044b\\u0439-\\u0447\\u0435\\u0440\\u043d\\u044b\\u0439-\\u043a\\u043e\\u0442-\\u0438-\\u0442\\u044b\\u043a\\u0432\\u0430-\\u0445\\u0435\\u043b\\u043b\\u043e\\u0443\\u0438\\u043d\\u0430-\\u043d\\u0430-\\u0431\\u0435\\u043b\\u043e\\u0439-\\u043f\\u0440\\u0435\\u0434\\u043f\\u043e\\u0441\\u044b\\u043b\\u043a\\u0435-151252785.jpg\", \"storage\": \"django.core.files.storage.FileSystemStorage\", \"size\": [800, 585]}"
    }
},
{
    "model": "thumbnail.kvstore",
    "pk": "sorl-thumbnail||image||908579ceb80c178b6a6a264781c13fe3",
    "fields": {
        "value": "{\"name\": \"cache/4c/a2/4ca22b919f587d3133373d923c97cf5e.jpg\", \"storage\": \"django.core.files.storage.FileSystemStorage\", \"size\": [50, 50]}"
    }
},
{
    "model": "thumbnail.kvstore",
    "pk": "sorl-thumbnail||image||91bd4ce9500d47bc7ab84d469fb7d136",
    "fields": {
        "value": "{\"name\": \"cache/c2/23/c2237e223aeb88f2982422ed2ca800d9.jpg\", \"storage\": \"django.core.files.storage.FileSystemStorage\", \"size\": [300, 300]}"
    }
},
{
    "model": "thumbnail.kvstore",
    "pk": "sorl-thumbnail||image||940f91cfff4884a9ffa3ef9a24752af6",
    "fields": {
        "value": "{\"name\": \"gallery/banana2.jpg\", \"storage\": \"django.core.files.storage.FileSystemStorage\", \"size\": [225, 225]}"
    }
},
{
    "model": "thumbnail.kvstore",
    "pk": "sorl-thumbnail||image||944e6252a104278ac5c454cda6464708",
    "fields": {
        "value": "{\"name\": \"cache/14/5b/145b7cefabf94aa626d5eebd234d9f35.jpg\", \"storage\": \"django.core.files.storage.FileSystemStorage\", \"size\": [50, 50]}"
    }
},
{
    "model": "thumbnail.kvstore",
    "pk": "sorl-thumbnail||image||98d3725bf19ed35b7288eb9c660dd220",
    "fields": {
        "value": "{\"name\": \"cache/21/a2/21a2eca777a1288db51f88c6496e246b.jpg\", \"storage\": \"django.core.files.storage.FileSystemStorage\", \"size\": [50, 50]}"
    }
},
{
    "model": "thumbnail.kvstore",
    "pk": "sorl-thumbnail||image||a2c5fa0fb482cb51613e10914e8a52a2",
    "fields": {
        "value": "{\"name\": \"cache/b5/d1/b5d16a737f2e69d4d91b3add065c1a32.jpg\", \"storage\": \"django.core.files.storage.FileSystemStorage\", \"size\": [50, 50]}"
    }
},
{
    "model": "thumbnail.kvstore",
    "pk": "sorl-thumbnail||image||a613853f974b3d0dc43dab13f1e24f67",
    "fields": {
        "value": "{\"name\": \"gallery/\\u043a\\u043e\\u0442-\\u0438-\\u0433\\u0440\\u0443\\u0448\\u0438-49270640.jpg\", \"storage\": \"django.core.files.storage.FileSystemStorage\", \"size\": [800, 569]}"
    }
},
{
    "model": "thumbnail.kvstore",
    "pk": "sorl-thumbnail||image||aac5afc5401f4c1eb84c60eda9247f0b",
    "fields": {
        "value": "{\"name\": \"cache/d9/7b/d97b4a03bd176e273800eeb7c689ced7.jpg\", \"storage\": \"django.core.files.storage.FileSystemStorage\", \"size\": [50, 50]}"
    }
},
{
    "model": "thumbnail.kvstore",
    "pk": "sorl-thumbnail||image||ae764e6d8e8d7e0ec76699c7ea25fe8c",
    "fields": {
        "value": "{\"name\": \"gallery/\\u043a\\u043e\\u0442-\\u0438-\\u044f\\u0431-\\u043e\\u043a\\u043e-429834061.jpg\", \"storage\": \"django.core.files.storage.FileSystemStorage\", \"size\": [700, 900]}"
    }
},
{
    "model": "thumbnail.kvstore",
    "pk": "sorl-thumbnail||image||b647ccadbbb89aa44f00c3bf1909bce7",
    "fields": {
        "value": "{\"name\": \"cache/4b/3e/4b3eb98bf183ec36f8bace387cd977a0.jpg\", \"storage\": \"django.core.files.storage.FileSystemStorage\", \"size\": [50, 50]}"
    }
},
{
    "model": "thumbnail.kvstore",
    "pk": "sorl-thumbnail||image||b7063c5f1735bee24bf89cf80ed4c797",
    "fields": {
        "value": "{\"name\": \"cache/11/81/118106696717638035d56f35de7f1f75.jpg\", \"storage\": \"django.core.files.storage.FileSystemStorage\", \"size\": [50, 50]}"
    }
},
{
    "model": "thumbnail.kvstore",
    "pk": "sorl-thumbnail||image||ba7f76347190bcbcb785ecd753dbfd96",
    "fields": {
        "value": "{\"name\": \"cache/71/11/71119e4c756d612f7327f9e7bff3175d.jpg\", \"storage\": \"django.core.files.storage.FileSystemStorage\", \"size\": [50, 50]}"
    }
},
{
    "model": "thumbnail.kvstore",
    "pk": "sorl-thumbnail||image||baa90d74bcd3d9e8fd303f6c10f40859",
    "fields": {
        "value": "{\"name\": \"titles/pearandcat.jpg\", \"storage\": \"django.core.files.storage.FileSystemStorage\", \"size\": [192, 114]}"
    }
},
{
    "model": "thumbnail.kvstore",
    "pk": "sorl-thumbnail||image||bb743301392fe3904226fa400939a952",
    "fields": {
        "value": "{\"name\": \"cache/d1/df/d1df8f014a7c2d6429221a8d246cdb3c.jpg\", \"storage\": \"django.core.files.storage.FileSystemStorage\", \"size\": [300, 300]}"
    }
},
{
    "model": "thumbnail.kvstore",
    "pk": "sorl-thumbnail||image||c6253ab84dcba4faab055648a66cd1fc",
    "fields": {
        "value": "{\"name\": \"cache/74/7f/747f80408d451be6ac6200acbdc478bd.jpg\", \"storage\": \"django.core.files.storage.FileSystemStorage\", \"size\": [300, 300]}"
    }
},
{
    "model": "thumbnail.kvstore",
    "pk": "sorl-thumbnail||image||c93edb7a87aacb5ded27f8d7ef2f4eda",
    "fields": {
        "value": "{\"name\": \"cache/12/ea/12ea0985de7d8c35b6a8185d5bbc523d.jpg\", \"storage\": \"django.core.files.storage.FileSystemStorage\", \"size\": [50, 50]}"
    }
},
{
    "model": "thumbnail.kvstore",
    "pk": "sorl-thumbnail||image||cb9cb0a6b1e439e9fff7e2877cf1a9e3",
    "fields": {
        "value": "{\"name\": \"cache/d5/e6/d5e6c7dd9c64896c129881a4b6b7ee86.jpg\", \"storage\": \"django.core.files.storage.FileSystemStorage\", \"size\": [50, 50]}"
    }
},
{
    "model": "thumbnail.kvstore",
    "pk": "sorl-thumbnail||image||d6ba4c90b7fedd4dc7ec2e3c8fde3e7d",
    "fields": {
        "value": "{\"name\": \"cache/2e/9a/2e9a6114585b6a975590ddb7e71d4470.jpg\", \"storage\": \"django.core.files.storage.FileSystemStorage\", \"size\": [300, 300]}"
    }
},
{
    "model": "thumbnail.kvstore",
    "pk": "sorl-thumbnail||image||d73701014dddd57b8bdbbfab391bf359",
    "fields": {
        "value": "{\"name\": \"cache/09/08/090846ac0d0eb04ae0f67b15d165ebcf.jpg\", \"storage\": \"django.core.files.storage.FileSystemStorage\", \"size\": [300, 300]}"
    }
},
{
    "model": "thumbnail.kvstore",
    "pk": "sorl-thumbnail||image||d98222abfcbe09e97d7fedf2922bd0a9",
    "fields": {
        "value": "{\"name\": \"titles/banana_L7d3UnI.jpg\", \"storage\": \"django.core.files.storage.FileSystemStorage\", \"size\": [225, 225]}"
    }
},
{
    "model": "thumbnail.kvstore",
    "pk": "sorl-thumbnail||image||dbf580c5823d88f199c56bc2e7952e80",
    "fields": {
        "value": "{\"name\": \"gallery/\\u043a\\u043e\\u0442-\\u0438-\\u044f\\u0431-\\u043e\\u043a\\u043e-429834061_9Yte4dv.jpg\", \"storage\": \"django.core.files.storage.FileSystemStorage\", \"size\": [700, 900]}"
    }
},
{
    "model": "thumbnail.kvstore",
    "pk": "sorl-thumbnail||image||e58c54d3aa28b10a59f2369a7ac3d551",
    "fields": {
        "value": "{\"name\": \"gallery/\\u043a\\u043e\\u0442-\\u0438-\\u044f\\u0431-\\u043e\\u043a\\u043e-429834061_5Lp8nVz.jpg\", \"storage\": \"django.core.files.storage.FileSystemStorage\", \"size\": [700, 900]}"
    }
},
{
    "model": "thumbnail.kvstore",
    "pk": "sorl-thumbnail||image||e6182abe2b57ed5c1416534ab91f9f45",
    "fields": {
        "value": "{\"name\": \"gallery/tomato1_rREN644.jpeg\", \"storage\": \"django.core.files.storage.FileSystemStorage\", \"size\": [750, 548]}"
    }
},
{
    "model": "thumbnail.kvstore",
    "pk": "sorl-thumbnail||image||e945a1dd2f7498433152506a57a60ade",
    "fields": {
        "value": "{\"name\": \"cache/df/3c/df3cc3a6ca9b09af1ba050c7db115204.jpg\", \"storage\": \"django.core.files.storage.FileSystemStorage\", \"size\": [50, 50]}"
    }
},
{
    "model": "thumbnail.kvstore",
    "pk": "sorl-thumbnail||image||f1fcfc577d9b704bbc698810cd0bd114",
    "fields": {
        "value": "{\"name\": \"gallery/tomato_noun_001_17860.jpg\", \"storage\": \"django.core.files.storage.FileSystemStorage\", \"size\": [184, 200]}"
    }
},
{
    "model": "thumbnail.kvstore",
    "pk": "sorl-thumbnail||image||f38785ca9284e27427669b811dbf1f42",
    "fields": {
        "value": "{\"name\": \"gallery/tomato1_rg9Hdx4.jpeg\", \"storage\": \"django.core.files.storage.FileSystemStorage\", \"size\": [750, 548]}"
    }
},
{
    "model": "thumbnail.kvstore",
    "pk": "sorl-thumbnail||image||f431a752b27d475694c699ef9edfccee",
    "fields": {
        "value": "{\"name\": \"cache/da/21/da2178d456a620249ab70f54f631ae52.jpg\", \"storage\": \"django.core.files.storage.FileSystemStorage\", \"size\": [50, 50]}"
    }
},
{
    "model": "thumbnail.kvstore",
    "pk": "sorl-thumbnail||image||f89890b309f4a77345dcc1a36bbc2020",
    "fields": {
        "value": "{\"name\": \"gallery/\\u043a\\u043e\\u0442-\\u0438-\\u044f\\u0431-\\u043e\\u043a\\u043e-42983406.jpg\", \"storage\": \"django.core.files.storage.FileSystemStorage\", \"size\": [700, 900]}"
    }
},
{
    "model": "thumbnail.kvstore",
    "pk": "sorl-thumbnail||image||fc4790c9417a3755a54768fd3347db57",
    "fields": {
        "value": "{\"name\": \"gallery/banana.jpg\", \"storage\": \"django.core.files.storage.FileSystemStorage\", \"size\": [225, 225]}"
    }
},
{
    "model": "thumbnail.kvstore",
    "pk": "sorl-thumbnail||image||fdc190610739390afab3173f691dc8ef",
    "fields": {
        "value": "{\"name\": \"gallery/1234.png\", \"storage\": \"django.core.files.storage.FileSystemStorage\", \"size\": [3840, 2160]}"
    }
},
{
    "model": "thumbnail.kvstore",
    "pk": "sorl-thumbnail||thumbnails||00182ba5ebf7716f1402cc5e35954533",
    "fields": {
        "value": "[\"231d52a386897a42282dab4a13b83244\"]"
    }
},
{
    "model": "thumbnail.kvstore",
    "pk": "sorl-thumbnail||thumbnails||006a66f68a90c6b6a458226c07f6eac6",
    "fields": {
        "value": "[\"474dcc1c2d94ea3e18031ae60bcf6057\"]"
    }
},
{
    "model": "thumbnail.kvstore",
    "pk": "sorl-thumbnail||thumbnails||0e04b2a57079f28c0887aafe966e9168",
    "fields": {
        "value": "[\"82d3b71fae8f98b74c7b1fa9b83177f6\"]"
    }
},
{
    "model": "thumbnail.kvstore",
    "pk": "sorl-thumbnail||thumbnails||192d7ccfb9fad5a1a7f8c46ddaff686e",
    "fields": {
        "value": "[\"74223b06912c9d66280689d57a4b89a6\"]"
    }
},
{
    "model": "thumbnail.kvstore",
    "pk": "sorl-thumbnail||thumbnails||1a33db0b3c186393c2e7a39712dd53ac",
    "fields": {
        "value": "[\"c93edb7a87aacb5ded27f8d7ef2f4eda\"]"
    }
},
{
    "model": "thumbnail.kvstore",
    "pk": "sorl-thumbnail||thumbnails||1ee706f43fa4f27d7622af4657b3f16b",
    "fields": {
        "value": "[\"944e6252a104278ac5c454cda6464708\"]"
    }
},
{
    "model": "thumbnail.kvstore",
    "pk": "sorl-thumbnail||thumbnails||219ae3d7f88f8e0171e53391ddd00f84",
    "fields": {
        "value": "[\"d6ba4c90b7fedd4dc7ec2e3c8fde3e7d\", \"4aea40933528ccbf899075f0e0501b32\"]"
    }
},
{
    "model": "thumbnail.kvstore",
    "pk": "sorl-thumbnail||thumbnails||301bf55350909039f49d09791da99f65",
    "fields": {
        "value": "[\"aac5afc5401f4c1eb84c60eda9247f0b\", \"30be4ca24278c73267ad20f93af00b2c\"]"
    }
},
{
    "model": "thumbnail.kvstore",
    "pk": "sorl-thumbnail||thumbnails||326fd27f0a58e1735c0b7be79aed85ea",
    "fields": {
        "value": "[\"25ab7b6d9fa39b004b8bce073da2fa5d\"]"
    }
},
{
    "model": "thumbnail.kvstore",
    "pk": "sorl-thumbnail||thumbnails||32db89531b57414d897335530ec51f3e",
    "fields": {
        "value": "[\"6e9a05b2801c34f8cf1b9c2988992706\"]"
    }
},
{
    "model": "thumbnail.kvstore",
    "pk": "sorl-thumbnail||thumbnails||3f8d2c9153dc8220ca0dd0dc06964636",
    "fields": {
        "value": "[\"f431a752b27d475694c699ef9edfccee\"]"
    }
},
{
    "model": "thumbnail.kvstore",
    "pk": "sorl-thumbnail||thumbnails||4621a73fa52646bb63dc5bbaf0c2398b",
    "fields": {
        "value": "[\"1be9d76c66c90f8e1beebb189b316681\"]"
    }
},
{
    "model": "thumbnail.kvstore",
    "pk": "sorl-thumbnail||thumbnails||474d4304bb1d39f3a4ddc83c142a9c43",
    "fields": {
        "value": "[\"0d4af91cffb3c8b1e2080ac1b6161906\"]"
    }
},
{
    "model": "thumbnail.kvstore",
    "pk": "sorl-thumbnail||thumbnails||58665360ef93c4389ca01f013134a150",
    "fields": {
        "value": "[\"5e126de8dab63ac4595c9f28d17ad290\"]"
    }
},
{
    "model": "thumbnail.kvstore",
    "pk": "sorl-thumbnail||thumbnails||631b00f49858ea1fc3e54fe14ab78f0a",
    "fields": {
        "value": "[\"b647ccadbbb89aa44f00c3bf1909bce7\"]"
    }
},
{
    "model": "thumbnail.kvstore",
    "pk": "sorl-thumbnail||thumbnails||6a507f3889ac14964bc048e83ea4417e",
    "fields": {
        "value": "[\"a2c5fa0fb482cb51613e10914e8a52a2\", \"d73701014dddd57b8bdbbfab391bf359\"]"
    }
},
{
    "model": "thumbnail.kvstore",
    "pk": "sorl-thumbnail||thumbnails||6d8082c1b0d615582439a19d6c737436",
    "fields": {
        "value": "[\"91bd4ce9500d47bc7ab84d469fb7d136\"]"
    }
},
{
    "model": "thumbnail.kvstore",
    "pk": "sorl-thumbnail||thumbnails||85724d40fb9e604ccd5275a8aebb70ff",
    "fields": {
        "value": "[\"5d8233acb717d6bddb058fd55e64d664\"]"
    }
},
{
    "model": "thumbnail.kvstore",
    "pk": "sorl-thumbnail||thumbnails||8c8607c7c0c45fe36a5a4a5241a7addc",
    "fields": {
        "value": "[\"6013c7aa578190772e7a022e844c28e9\"]"
    }
},
{
    "model": "thumbnail.kvstore",
    "pk": "sorl-thumbnail||thumbnails||8fa3f236379181e781b96f282fb6b590",
    "fields": {
        "value": "[\"ba7f76347190bcbcb785ecd753dbfd96\", \"6be12c555355d957655fd32170aae116\"]"
    }
},
{
    "model": "thumbnail.kvstore",
    "pk": "sorl-thumbnail||thumbnails||940f91cfff4884a9ffa3ef9a24752af6",
    "fields": {
        "value": "[\"cb9cb0a6b1e439e9fff7e2877cf1a9e3\", \"bb743301392fe3904226fa400939a952\"]"
    }
},
{
    "model": "thumbnail.kvstore",
    "pk": "sorl-thumbnail||thumbnails||a613853f974b3d0dc43dab13f1e24f67",
    "fields": {
        "value": "[\"73960ec7c16661df5a8f8f97317788a8\"]"
    }
},
{
    "model": "thumbnail.kvstore",
    "pk": "sorl-thumbnail||thumbnails||ae764e6d8e8d7e0ec76699c7ea25fe8c",
    "fields": {
        "value": "[\"115be1d677d21b56f86e41eb5790126a\", \"6e197b5ea63fb61a0787848bc8c6a403\"]"
    }
},
{
    "model": "thumbnail.kvstore",
    "pk": "sorl-thumbnail||thumbnails||baa90d74bcd3d9e8fd303f6c10f40859",
    "fields": {
        "value": "[\"7b450fe6453534d59c78052d0f26e800\", \"3881767eaa07015b05acfc304e47d4a0\"]"
    }
},
{
    "model": "thumbnail.kvstore",
    "pk": "sorl-thumbnail||thumbnails||d98222abfcbe09e97d7fedf2922bd0a9",
    "fields": {
        "value": "[\"7ebbe1407c1846117bb5df18dafbe32b\"]"
    }
},
{
    "model": "thumbnail.kvstore",
    "pk": "sorl-thumbnail||thumbnails||dbf580c5823d88f199c56bc2e7952e80",
    "fields": {
        "value": "[\"1195f5f33843ff65e8784fb3128d4556\"]"
    }
},
{
    "model": "thumbnail.kvstore",
    "pk": "sorl-thumbnail||thumbnails||e58c54d3aa28b10a59f2369a7ac3d551",
    "fields": {
        "value": "[\"908579ceb80c178b6a6a264781c13fe3\"]"
    }
},
{
    "model": "thumbnail.kvstore",
    "pk": "sorl-thumbnail||thumbnails||e6182abe2b57ed5c1416534ab91f9f45",
    "fields": {
        "value": "[\"7ea045cff5f842a37bbd783cc3dde2bb\"]"
    }
},
{
    "model": "thumbnail.kvstore",
    "pk": "sorl-thumbnail||thumbnails||f1fcfc577d9b704bbc698810cd0bd114",
    "fields": {
        "value": "[\"98d3725bf19ed35b7288eb9c660dd220\"]"
    }
},
{
    "model": "thumbnail.kvstore",
    "pk": "sorl-thumbnail||thumbnails||f38785ca9284e27427669b811dbf1f42",
    "fields": {
        "value": "[\"b7063c5f1735bee24bf89cf80ed4c797\"]"
    }
},
{
    "model": "thumbnail.kvstore",
    "pk": "sorl-thumbnail||thumbnails||f89890b309f4a77345dcc1a36bbc2020",
    "fields": {
        "value": "[\"0ac3cb884820ea4b6f5a250c9df767d6\"]"
    }
},
{
    "model": "thumbnail.kvstore",
    "pk": "sorl-thumbnail||thumbnails||fc4790c9417a3755a54768fd3347db57",
    "fields": {
        "value": "[\"c6253ab84dcba4faab055648a66cd1fc\"]"
    }
},
{
    "model": "thumbnail.kvstore",
    "pk": "sorl-thumbnail||thumbnails||fdc190610739390afab3173f691dc8ef",
    "fields": {
        "value": "[\"e945a1dd2f7498433152506a57a60ade\"]"
    }
}
]
